chl_a_sample_code,station_code,date,sample_replicate,subsample_replicate,sample_volume_filtered_ml,extract_volume_ml,absorbance_750nm,absorbance_663nm,absorbance_645nm,absorbance_630nm,description,chl_a_16ed,chl_a_20ed,unit,waterbody_code,station_name,station_type,latitude,longitude,waterbody_name
CHL0001,ST091,1983-04-08,1,NA,1000,5,0.005,0.022,0.013,0.011,NA,0.91,0.95,mg/L,WB085,Center Buoy/Water chem site B,main,47.066412,-84.394125,Upper Batchawana Lake
CHL0003,ST091,1983-05-31,1,NA,1000,5.5,0.005,0.029,0.007,0.012,NA,1.52,1.55,mg/L,WB085,Center Buoy/Water chem site B,main,47.066412,-84.394125,Upper Batchawana Lake
CHL0004,ST095,1983-05-31,1,NA,1000,6.4,0.008,0.024,0.015,0.015,NA,1.1,1.15,mg/L,WB087,Buoy/Water chem site B,main,47.049274,-84.399988,Wishart Lake
CHL0005,ST095,1983-05-31,2,NA,1000,7.5,0.006,0.029,0.011,0.009,NA,1.93,1.99,mg/L,WB087,Buoy/Water chem site B,main,47.049274,-84.399988,Wishart Lake
CHL0006,ST065,1983-05-31,1,NA,1000,6.4,0.008,0.03,0.014,0.013,NA,1.56,1.61,mg/L,NA,Center Buoy/Water chem site B,main,47.043396,-84.408613,Little Turkey Lake
CHL0007,ST095,1983-06-15,1,NA,1000,5.8,0.002,0.019,0.009,0.01,NA,1.06,1.11,mg/L,WB087,Buoy/Water chem site B,main,47.049274,-84.399988,Wishart Lake
CHL0008,ST068,1983-06-16,1,NA,1000,7,0.006,0.007,0.009,0.008,NA,0.04,0.05,mg/L,WB066,Center Buoy/Water chem site B,main,47.06338,-84.390411,Lower Batchawana Lake
CHL0009,ST091,1983-06-16,1,NA,1000,7,0.005,0.015,0.008,0.007,NA,0.77,0.8,mg/L,WB085,Center Buoy/Water chem site B,main,47.066412,-84.394125,Upper Batchawana Lake
CHL0010,ST065,1983-06-17,1,NA,1000,9,0.003,0.011,0.007,0.007,NA,0.76,0.8,mg/L,NA,Center Buoy/Water chem site B,main,47.043396,-84.408613,Little Turkey Lake
CHL0011,ST090,1983-06-17,1,NA,1000,5.3,0.002,0.021,0.003,0.01,NA,1.16,1.19,mg/L,WB084,Center Buoy,main,47.048369,-84.421142,Turkey Lake
CHL0012,ST095,1983-06-22,1,NA,1000,6.4,0.009,0.025,0.014,0.012,NA,1.12,1.17,mg/L,WB087,Buoy/Water chem site B,main,47.049274,-84.399988,Wishart Lake
CHL0013,ST065,1983-06-22,1,NA,1000,6.1,0.004,0.014,0.008,0.005,NA,0.66,0.69,mg/L,NA,Center Buoy/Water chem site B,main,47.043396,-84.408613,Little Turkey Lake
CHL0014,ST090,1983-06-22,1,NA,1000,5.3,0.008,0.026,0.016,0.015,NA,1.02,1.07,mg/L,WB084,Center Buoy,main,47.048369,-84.421142,Turkey Lake
CHL0015,ST068,1983-06-23,1,NA,1000,6.6,0.006,0.012,0.007,0.007,NA,0.45,0.46,mg/L,WB066,Center Buoy/Water chem site B,main,47.06338,-84.390411,Lower Batchawana Lake
CHL0016,ST068,1983-06-27,1,NA,1000,7.2,0.007,0.02,0.01,0,NA,1.04,1.07,mg/L,WB066,Center Buoy/Water chem site B,main,47.06338,-84.390411,Lower Batchawana Lake
CHL0017,ST091,1983-06-27,1,NA,1000,7.3,0.006,0.018,0.01,0.009,NA,0.96,0.99,mg/L,WB085,Center Buoy/Water chem site B,main,47.066412,-84.394125,Upper Batchawana Lake
CHL0018,ST095,1983-06-27,1,NA,1000,7.1,0,0.006,0,0,NA,0.5,0.5,mg/L,WB087,Buoy/Water chem site B,main,47.049274,-84.399988,Wishart Lake
CHL0019,ST065,1983-06-27,1,NA,1000,6.5,0.006,0.017,0.01,0.009,NA,0.78,0.81,mg/L,NA,Center Buoy/Water chem site B,main,47.043396,-84.408613,Little Turkey Lake
CHL0020,ST090,1983-06-27,1,NA,1000,6.2,0.003,0.014,0.007,0.006,NA,0.74,0.77,mg/L,WB084,Center Buoy,main,47.048369,-84.421142,Turkey Lake
CHL0021,ST068,1983-07-13,1,NA,1000,9.5,0.004,0.008,0.007,0.008,NA,0.38,0.41,mg/L,WB066,Center Buoy/Water chem site B,main,47.06338,-84.390411,Lower Batchawana Lake
CHL0022,ST091,1983-07-13,1,NA,1000,7,0.007,0.013,0.009,0.008,NA,0.46,0.48,mg/L,WB085,Center Buoy/Water chem site B,main,47.066412,-84.394125,Upper Batchawana Lake
CHL0023,ST095,1983-07-14,1,NA,1000,7.3,0.006,0.022,0.008,0.006,NA,1.33,1.36,mg/L,WB087,Buoy/Water chem site B,main,47.049274,-84.399988,Wishart Lake
CHL0024,ST065,1983-07-15,1,NA,1000,6.5,0.007,0.013,0.009,0.008,NA,0.43,0.44,mg/L,NA,Center Buoy/Water chem site B,main,47.043396,-84.408613,Little Turkey Lake
CHL0025,ST068,1983-07-20,1,NA,1000,6.1,0.005,0.015,0.012,0.013,NA,0.62,0.66,mg/L,WB066,Center Buoy/Water chem site B,main,47.06338,-84.390411,Lower Batchawana Lake
CHL0026,ST091,1983-07-20,1,NA,1000,6.3,0,0.013,0.003,0.004,NA,0.92,0.94,mg/L,WB085,Center Buoy/Water chem site B,main,47.066412,-84.394125,Upper Batchawana Lake
CHL0027,ST095,1983-07-20,1,NA,1000,7.4,0.006,0.026,0.013,0.008,NA,1.61,1.68,mg/L,WB087,Buoy/Water chem site B,main,47.049274,-84.399988,Wishart Lake
CHL0028,ST065,1983-07-21,1,NA,1000,5.3,0.005,0.017,0.01,0.01,NA,0.69,0.71,mg/L,NA,Center Buoy/Water chem site B,main,47.043396,-84.408613,Little Turkey Lake
CHL0029,ST068,1983-07-27,1,NA,1000,5.2,0.032,0.056,0.053,0.055,NA,1.23,1.32,mg/L,WB066,Center Buoy/Water chem site B,main,47.06338,-84.390411,Lower Batchawana Lake
CHL0030,ST091,1983-07-27,1,NA,1000,5.9,0.001,0.011,0.006,0.006,NA,0.63,0.66,mg/L,WB085,Center Buoy/Water chem site B,main,47.066412,-84.394125,Upper Batchawana Lake
CHL0031,ST095,1983-07-28,1,NA,600,8.1,0.005,0.027,0.012,0.011,NA,3.26,3.38,mg/L,WB087,Buoy/Water chem site B,main,47.049274,-84.399988,Wishart Lake
CHL0032,ST065,1983-07-28,1,NA,1000,6,0.006,0.021,0.01,0.009,NA,1,1.03,mg/L,NA,Center Buoy/Water chem site B,main,47.043396,-84.408613,Little Turkey Lake
CHL0033,ST090,1983-07-28,1,NA,1000,5.7,0.004,0.016,0.005,0.008,NA,0.79,0.8,mg/L,WB084,Center Buoy,main,47.048369,-84.421142,Turkey Lake
CHL0034,ST068,1983-08-04,1,NA,1000,7.5,0,0.014,0.006,0.004,NA,1.13,1.18,mg/L,WB066,Center Buoy/Water chem site B,main,47.06338,-84.390411,Lower Batchawana Lake
CHL0035,ST095,1983-08-04,1,NA,750,6,0.001,0.049,0.014,0.013,NA,4.25,4.4,mg/L,WB087,Buoy/Water chem site B,main,47.049274,-84.399988,Wishart Lake
CHL0036,ST065,1983-08-04,1,NA,1000,6.3,0,0.003,0,0,NA,0.22,0.22,mg/L,NA,Center Buoy/Water chem site B,main,47.043396,-84.408613,Little Turkey Lake
CHL0037,ST090,1983-08-04,1,NA,1000,7.2,0,0.004,0,0.001,NA,0.34,0.34,mg/L,WB084,Center Buoy,main,47.048369,-84.421142,Turkey Lake
CHL0038,ST091,1983-08-10,1,NA,1000,6.3,0.006,0.025,0.013,0.011,NA,1.3,1.35,mg/L,WB085,Center Buoy/Water chem site B,main,47.066412,-84.394125,Upper Batchawana Lake
CHL0039,ST095,1983-08-10,1,NA,600,7.7,0.005,0.019,0.01,0.006,NA,1.95,2.03,mg/L,WB087,Buoy/Water chem site B,main,47.049274,-84.399988,Wishart Lake
CHL0040,ST065,1983-08-11,1,NA,1000,5.5,0.004,0.028,0.011,0.009,NA,1.46,1.51,mg/L,NA,Center Buoy/Water chem site B,main,47.043396,-84.408613,Little Turkey Lake
CHL0041,ST090,1983-08-11,1,NA,1000,7,0.001,0.017,0.009,0.006,NA,1.19,1.24,mg/L,WB084,Center Buoy,main,47.048369,-84.421142,Turkey Lake
CHL0042,ST068,1983-09-13,1,NA,1000,7,0.005,0.033,0.013,0.011,NA,2.16,2.24,mg/L,WB066,Center Buoy/Water chem site B,main,47.06338,-84.390411,Lower Batchawana Lake
CHL0043,ST091,1983-09-13,1,NA,1000,7.4,0.005,0.026,0.012,0.01,NA,1.7,1.76,mg/L,WB085,Center Buoy/Water chem site B,main,47.066412,-84.394125,Upper Batchawana Lake
CHL0044,ST095,1983-09-13,1,NA,600,9.4,0.004,0.028,0.011,0.01,NA,4.15,4.29,mg/L,WB087,Buoy/Water chem site B,main,47.049274,-84.399988,Wishart Lake
CHL0045,ST065,1983-09-13,1,NA,1000,6.2,0.006,0.037,0.013,0.013,NA,2.15,2.21,mg/L,NA,Center Buoy/Water chem site B,main,47.043396,-84.408613,Little Turkey Lake
CHL0046,ST090,1983-09-13,1,NA,1000,7.5,0.007,0.021,0.01,0.009,NA,1.18,1.21,mg/L,WB084,Center Buoy,main,47.048369,-84.421142,Turkey Lake
CHL0047,ST068,1983-10-11,1,NA,1000,7.6,0.007,0.014,0.008,0.008,NA,0.6,0.62,mg/L,WB066,Center Buoy/Water chem site B,main,47.06338,-84.390411,Lower Batchawana Lake
CHL0048,ST095,1983-10-11,1,NA,1000,6.7,0.006,0.087,0.032,0.025,NA,5.95,6.17,mg/L,WB087,Buoy/Water chem site B,main,47.049274,-84.399988,Wishart Lake
CHL0049,ST065,1983-10-11,1,NA,1000,5.5,0.012,0.062,0.028,0.024,NA,7.573999999999996,0.667,mg/L,NA,Center Buoy/Water chem site B,main,47.043396,-84.408613,Little Turkey Lake
CHL0050,ST090,1983-10-11,1,NA,1000,5,0.006,0.031,0.016,0.012,NA,1.35,1.41,mg/L,WB084,Center Buoy,main,47.048369,-84.421142,Turkey Lake
CHL0051,ST068,1983-11-09,1,NA,500,9,0.002,0.008,0.01,0.006,NA,0.95,1.06,mg/L,WB066,Center Buoy/Water chem site B,main,47.06338,-84.390411,Lower Batchawana Lake
CHL0052,ST095,1983-11-09,1,NA,500,9.3,0.003,0.019,0.006,0.015,NA,3.37,3.46,mg/L,WB087,Buoy/Water chem site B,main,47.049274,-84.399988,Wishart Lake
CHL0053,ST065,1983-11-09,1,NA,500,6.2,0.003,0.023,0.012,0.015,NA,2.66,2.78,mg/L,NA,Center Buoy/Water chem site B,main,47.043396,-84.408613,Little Turkey Lake
CHL0054,ST090,1983-11-09,1,NA,500,7,0.022,0.034,0.025,0.027,NA,1.87,1.93,mg/L,WB084,Center Buoy,main,47.048369,-84.421142,Turkey Lake
CHL0055,ST091,1984-05-09,1,NA,1000,13.1,0.003,0.02,0.013,0.008,NA,2.32,2.44,mg/L,WB085,Center Buoy/Water chem site B,main,47.066412,-84.394125,Upper Batchawana Lake
CHL0056,ST065,1984-05-09,1,NA,1000,13.3,0.023,0.031,0.031,0.032,NA,1.02,1.11,mg/L,NA,Center Buoy/Water chem site B,main,47.043396,-84.408613,Little Turkey Lake
CHL0057,ST090,1984-05-09,1,NA,1000,13.1,0.002,0.007,0.009,0.029,NA,0.6,0.66,mg/L,WB084,Center Buoy,main,47.048369,-84.421142,Turkey Lake
CHL0058,ST068,1984-05-31,1,NA,1000,12.2,0.012,0.015,0.013,0.013,NA,0.4,0.42,mg/L,WB066,Center Buoy/Water chem site B,main,47.06338,-84.390411,Lower Batchawana Lake
CHL0059,ST091,1984-06-15,1,NA,1000,14.1,0.004,0.015,0.011,0.006,NA,1.59,1.69,mg/L,WB085,Center Buoy/Water chem site B,main,47.066412,-84.394125,Upper Batchawana Lake
CHL0060,ST068,1984-07-03,1,NA,1000,13.8,0.004,0.01,0.028,0.006,NA,0.25,0.47,mg/L,WB066,Center Buoy/Water chem site B,main,47.06338,-84.390411,Lower Batchawana Lake
CHL0061,ST091,1984-07-03,1,NA,1000,13.8,0.017,0.031,0.038,0.009,NA,1.61,1.83,mg/L,WB085,Center Buoy/Water chem site B,main,47.066412,-84.394125,Upper Batchawana Lake
CHL0062,ST068,1984-07-15,1,NA,1000,5.5,0.001,0.032,0.032,0.007,NA,1.62,1.76,mg/L,WB066,Center Buoy/Water chem site B,main,47.06338,-84.390411,Lower Batchawana Lake
CHL0063,ST091,1984-07-15,1,NA,1000,5.4,0.003,0.033,0.036,0.009,NA,1.5,1.65,mg/L,WB085,Center Buoy/Water chem site B,main,47.066412,-84.394125,Upper Batchawana Lake
CHL0064,ST068,1984-07-18,1,NA,1000,5.6,0.001,0.026,0.032,0.006,NA,1.26,1.39,mg/L,WB066,Center Buoy/Water chem site B,main,47.06338,-84.390411,Lower Batchawana Lake
CHL0065,ST091,1984-07-18,1,NA,1000,6.5,0.001,0.03,0.033,0.006,NA,1.75,1.92,mg/L,WB085,Center Buoy/Water chem site B,main,47.066412,-84.394125,Upper Batchawana Lake
CHL0066,ST068,1984-07-31,1,NA,1000,5.5,0.001,0.032,0.033,0.007,NA,1.61,1.75,mg/L,WB066,Center Buoy/Water chem site B,main,47.06338,-84.390411,Lower Batchawana Lake
CHL0067,ST091,1984-07-31,1,NA,1000,5.9,0.001,0.033,0.035,0.007,NA,1.77,1.93,mg/L,WB085,Center Buoy/Water chem site B,main,47.066412,-84.394125,Upper Batchawana Lake
CHL0068,ST091,1984-08-27,1,NA,1000,4,0.003,0.414,0.473,0.082,NA,15.11,16.61,mg/L,WB085,Center Buoy/Water chem site B,main,47.066412,-84.394125,Upper Batchawana Lake
CHL0069,ST068,1984-09-06,1,NA,1000,5.6,0.014,0.439,0.5,0.09,NA,21.87,24.05,mg/L,WB066,Center Buoy/Water chem site B,main,47.06338,-84.390411,Lower Batchawana Lake
CHL0070,ST091,1984-09-06,1,NA,1000,4.8,0.01,0.425,0.49,0.088,NA,18.25,20.09,mg/L,WB085,Center Buoy/Water chem site B,main,47.066412,-84.394125,Upper Batchawana Lake
CHL0071,ST068,1985-05-13,1,NA,1000,5.2,0.075,0.602,0.564,0.17,NA,26.46,28.6,mg/L,WB066,Center Buoy/Water chem site B,main,47.06338,-84.390411,Lower Batchawana Lake
CHL0072,ST091,1985-05-13,1,NA,1000,5.6,0.017,0.513,0.531,0.119,NA,26.17,28.53,mg/L,WB085,Center Buoy/Water chem site B,main,47.066412,-84.394125,Upper Batchawana Lake
CHL0073,ST068,1985-06-03,1,NA,500,5.1,0.117,0.53,0.627,0.246,NA,37.93,42.01,mg/L,WB066,Center Buoy/Water chem site B,main,47.06338,-84.390411,Lower Batchawana Lake
CHL0074,ST091,1985-06-03,1,NA,500,7.4,0.119,0.527,0.629,0.249,NA,54.18,60.09,mg/L,WB085,Center Buoy/Water chem site B,main,47.066412,-84.394125,Upper Batchawana Lake
CHL0075,ST068,1985-06-19,1,NA,500,8.8,0.2,0.616,0.744,0.355,NA,64.82,72.23,mg/L,WB066,Center Buoy/Water chem site B,main,47.06338,-84.390411,Lower Batchawana Lake
CHL0076,ST091,1985-06-19,1,NA,500,5.2,0.205,0.66,0.757,0.376,NA,42.86,47.38,mg/L,WB085,Center Buoy/Water chem site B,main,47.066412,-84.394125,Upper Batchawana Lake
CHL0077,ST068,1985-07-04,1,NA,500,5.3,0.023,0.344,0.366,0.096,NA,31.83,34.78,mg/L,WB066,Center Buoy/Water chem site B,main,47.06338,-84.390411,Lower Batchawana Lake
CHL0078,ST091,1985-07-04,1,NA,500,8.3,0.052,0.34,0.397,0.131,NA,43.41,47.94,mg/L,WB085,Center Buoy/Water chem site B,main,47.066412,-84.394125,Upper Batchawana Lake
CHL0079,ST068,1985-07-15,1,NA,500,5.6,0.041,0.363,0.394,0.119,NA,33.53,36.72,mg/L,WB066,Center Buoy/Water chem site B,main,47.06338,-84.390411,Lower Batchawana Lake
CHL0080,ST091,1985-07-15,1,NA,500,6,0.038,0.319,0.383,0.108,NA,30.39,33.65,mg/L,WB085,Center Buoy/Water chem site B,main,47.066412,-84.394125,Upper Batchawana Lake
CHL0081,ST068,1985-08-13,1,NA,425,7.5,0.032,0.332,0.369,0.099,NA,48.9,53.67,mg/L,WB066,Center Buoy/Water chem site B,main,47.06338,-84.390411,Lower Batchawana Lake
CHL0082,ST091,1985-08-13,1,NA,450,4.6,0.028,0.302,0.357,0.095,NA,25.41,28.07,mg/L,WB085,Center Buoy/Water chem site B,main,47.066412,-84.394125,Upper Batchawana Lake
CHL0083,ST068,1985-08-26,1,NA,250,7.5,0.006,0.267,0.324,0.055,NA,70.68,78.21,mg/L,WB066,Center Buoy/Water chem site B,main,47.06338,-84.390411,Lower Batchawana Lake
CHL0084,ST091,1985-08-26,1,NA,400,5.6,0.011,0.272,0.323,0.065,NA,33.17,36.63,mg/L,WB085,Center Buoy/Water chem site B,main,47.066412,-84.394125,Upper Batchawana Lake
CHL0085,ST068,1985-09-26,1,NA,400,4.4,0.039,0.325,0.382,0.111,NA,28.55,31.53,mg/L,WB066,Center Buoy/Water chem site B,main,47.06338,-84.390411,Lower Batchawana Lake
CHL0086,ST091,1985-09-26,1,NA,350,6.7,0.011,0.296,0.35,0.077,NA,49.61,54.76,mg/L,WB085,Center Buoy/Water chem site B,main,47.066412,-84.394125,Upper Batchawana Lake
CHL0087,ST068,1985-10-24,1,NA,400,4.3,0.03,0.309,0.367,0.092,NA,27.15,30.02,mg/L,WB066,Center Buoy/Water chem site B,main,47.06338,-84.390411,Lower Batchawana Lake
CHL0088,ST068,1985-10-24,2,NA,1000,5.1,0.003,0.27,0.33,0.059,NA,12.28,13.59,mg/L,WB066,Center Buoy/Water chem site B,main,47.06338,-84.390411,Lower Batchawana Lake
CHL0089,ST091,1985-10-24,1,NA,1000,5.4,0.002,0.273,0.328,0.053,NA,13.26,14.65,mg/L,WB085,Center Buoy/Water chem site B,main,47.066412,-84.394125,Upper Batchawana Lake
CHL0090,ST091,1985-10-24,2,NA,415,4.8,0.047,0.336,0.398,0.122,NA,30.23,33.43,mg/L,WB085,Center Buoy/Water chem site B,main,47.066412,-84.394125,Upper Batchawana Lake
CHL0091,ST068,1987-05-06,1,NA,1000,4.9,0.014,0.02,0.014,0.02,NA,0.35,0.35,mg/L,WB066,Center Buoy/Water chem site B,main,47.06338,-84.390411,Lower Batchawana Lake
CHL0092,ST091,1987-05-06,1,NA,750,4.7,0.004,0.021,0.011,0.004,NA,1.15,1.19,mg/L,WB085,Center Buoy/Water chem site B,main,47.066412,-84.394125,Upper Batchawana Lake
CHL0093,ST068,1987-05-21,1,NA,1000,4.9,0.014,0.033,0.024,0.017,NA,0.98,1.03,mg/L,WB066,Center Buoy/Water chem site B,main,47.06338,-84.390411,Lower Batchawana Lake
CHL0094,ST091,1987-05-21,1,NA,750,4.5,0.017,0.033,0.018,0.024,NA,1.11,1.13,mg/L,WB085,Center Buoy/Water chem site B,main,47.066412,-84.394125,Upper Batchawana Lake
CHL0095,ST091,1987-06-03,1,NA,750,4.9,0.017,0.022,0.026,0.016,NA,0.25,0.3,mg/L,WB085,Center Buoy/Water chem site B,main,47.066412,-84.394125,Upper Batchawana Lake
CHL0096,ST068,1987-06-17,1,NA,1000,5.8,0.019,0.025,0.023,0.013,NA,0.35,0.37,mg/L,WB066,Center Buoy/Water chem site B,main,47.06338,-84.390411,Lower Batchawana Lake
CHL0097,ST091,1987-06-17,1,NA,1000,4.8,0.02,0.032,0.028,0.021,NA,0.59,0.62,mg/L,WB085,Center Buoy/Water chem site B,main,47.066412,-84.394125,Upper Batchawana Lake
CHL0098,ST068,1987-07-06,1,NA,1000,5.2,0,0.002,0,0,NA,0.12,0.12,mg/L,WB066,Center Buoy/Water chem site B,main,47.06338,-84.390411,Lower Batchawana Lake
CHL0099,ST068,1987-07-16,1,NA,1000,4.9,0.004,0.01,0.006,0.006,NA,0.32,0.33,mg/L,WB066,Center Buoy/Water chem site B,main,47.06338,-84.390411,Lower Batchawana Lake
CHL0100,ST091,1987-07-16,1,NA,750,7.6,0.002,0.006,0.012,0.011,NA,0.26,0.33,mg/L,WB085,Center Buoy/Water chem site B,main,47.066412,-84.394125,Upper Batchawana Lake
CHL0101,ST068,1987-07-28,1,NA,1000,5,0,0.001,0,0,NA,0.06,0.06,mg/L,WB066,Center Buoy/Water chem site B,main,47.06338,-84.390411,Lower Batchawana Lake
CHL0102,ST091,1987-07-28,1,NA,750,4.3,0,0.02,0.004,0.008,NA,1.29,1.33,mg/L,WB085,Center Buoy/Water chem site B,main,47.066412,-84.394125,Upper Batchawana Lake
CHL0103,ST068,1987-08-11,1,NA,1000,4.8,0.004,0.015,0.008,0.01,NA,0.58,0.6,mg/L,WB066,Center Buoy/Water chem site B,main,47.06338,-84.390411,Lower Batchawana Lake
CHL0104,ST091,1987-08-11,1,NA,750,4.6,0,0.014,0.002,0.001,NA,0.97,1,mg/L,WB085,Center Buoy/Water chem site B,main,47.066412,-84.394125,Upper Batchawana Lake
CHL0105,ST068,1987-08-25,1,NA,1000,4.2,0,0.014,0.002,0.001,NA,0.67,0.68,mg/L,WB066,Center Buoy/Water chem site B,main,47.06338,-84.390411,Lower Batchawana Lake
CHL0106,ST091,1987-08-25,1,NA,750,4.1,0.006,0.032,0.016,0.003,NA,1.53,1.6,mg/L,WB085,Center Buoy/Water chem site B,main,47.066412,-84.394125,Upper Batchawana Lake
CHL0107,ST068,1987-10-08,1,NA,750,6.1,0,0.007,0.006,0.006,NA,0.56,0.6,mg/L,WB066,Center Buoy/Water chem site B,main,47.06338,-84.390411,Lower Batchawana Lake
CHL0108,ST068,1988-05-19,1,NA,1000,4.3,0.01,0.032,0.033,0.02,NA,0.89,0.97,mg/L,WB066,Center Buoy/Water chem site B,main,47.06338,-84.390411,Lower Batchawana Lake
CHL0109,ST091,1988-05-19,1,NA,1000,4.7,0.009,0.024,0.025,0.016,NA,0.66,0.72,mg/L,WB085,Center Buoy/Water chem site B,main,47.066412,-84.394125,Upper Batchawana Lake
CHL0110,ST068,1988-06-02,1,NA,750,4.7,0.016,0.029,0.029,0.022,NA,0.78,0.84,mg/L,WB066,Center Buoy/Water chem site B,main,47.06338,-84.390411,Lower Batchawana Lake
CHL0111,ST091,1988-06-02,1,NA,1000,4.6,0.012,0.021,0.021,0.016,NA,0.39,0.43,mg/L,WB085,Center Buoy/Water chem site B,main,47.066412,-84.394125,Upper Batchawana Lake
CHL0112,ST068,1988-06-16,1,NA,1000,4.6,0.007,0.027,0.027,0.022,NA,0.88,0.95,mg/L,WB066,Center Buoy/Water chem site B,main,47.06338,-84.390411,Lower Batchawana Lake
CHL0113,ST091,1988-06-16,1,NA,1000,4.2,0.015,0.019,0.02,0.014,NA,0.15,0.17,mg/L,WB085,Center Buoy/Water chem site B,main,47.066412,-84.394125,Upper Batchawana Lake
CHL0114,ST068,1988-06-29,1,NA,750,4.6,0.029,0.049,0.051,0.038,NA,1.14,1.25,mg/L,WB066,Center Buoy/Water chem site B,main,47.06338,-84.390411,Lower Batchawana Lake
CHL0115,ST091,1988-06-29,1,NA,750,4.4,0.03,0.036,0.039,0.033,NA,0.3,0.34,mg/L,WB085,Center Buoy/Water chem site B,main,47.066412,-84.394125,Upper Batchawana Lake
CHL0116,ST068,1988-07-13,1,NA,750,4.4,0.02,0.035,0.038,0.034,NA,0.8,0.89,mg/L,WB066,Center Buoy/Water chem site B,main,47.06338,-84.390411,Lower Batchawana Lake
CHL0117,ST091,1988-07-13,1,NA,1000,4.4,0.004,0.019,0.022,0.012,NA,0.6,0.66,mg/L,WB085,Center Buoy/Water chem site B,main,47.066412,-84.394125,Upper Batchawana Lake
CHL0118,ST068,1988-07-28,1,NA,750,4.4,0.029,0.041,0.045,0.04,NA,0.62,0.69,mg/L,WB066,Center Buoy/Water chem site B,main,47.06338,-84.390411,Lower Batchawana Lake
CHL0119,ST091,1988-07-28,1,NA,750,4.7,0.046,0.048,0.023,0.039,NA,0.45,0.37,mg/L,WB085,Center Buoy/Water chem site B,main,47.066412,-84.394125,Upper Batchawana Lake
CHL0120,ST068,1988-08-11,1,NA,750,4.4,0.005,0.02,0.021,0.013,NA,0.83,0.9,mg/L,WB066,Center Buoy/Water chem site B,main,47.06338,-84.390411,Lower Batchawana Lake
CHL0121,ST091,1988-08-11,1,NA,1000,4.3,0.01,0.019,0.022,0.011,NA,0.34,0.38,mg/L,WB085,Center Buoy/Water chem site B,main,47.066412,-84.394125,Upper Batchawana Lake
CHL0122,ST068,1988-08-25,1,NA,1000,4.1,0.008,0.022,0.021,0.01,NA,0.55,0.6,mg/L,WB066,Center Buoy/Water chem site B,main,47.06338,-84.390411,Lower Batchawana Lake
CHL0123,ST091,1988-08-25,1,NA,750,4.7,0.008,0.037,0.039,0.019,NA,1.7,1.86,mg/L,WB085,Center Buoy/Water chem site B,main,47.066412,-84.394125,Upper Batchawana Lake
CHL0124,ST068,1988-09-22,1,NA,1000,4.7,0.009,0.021,0.023,0.014,NA,0.52,0.57,mg/L,WB066,Center Buoy/Water chem site B,main,47.06338,-84.390411,Lower Batchawana Lake
CHL0125,ST091,1988-09-22,1,NA,750,4.3,0.005,0.024,0.026,0.013,NA,1.01,1.11,mg/L,WB085,Center Buoy/Water chem site B,main,47.066412,-84.394125,Upper Batchawana Lake
CHL0126,ST068,1988-10-20,1,NA,1000,4.1,0.048,0.069,0.077,0.072,NA,0.76,0.85,mg/L,WB066,Center Buoy/Water chem site B,main,47.06338,-84.390411,Lower Batchawana Lake
CHL0127,ST091,1991-07-11,1,NA,350,6.7,0.002,0.01,0.004,0.003,NA,1.7,1.76,mg/L,WB085,Center Buoy/Water chem site B,main,47.066412,-84.394125,Upper Batchawana Lake
CHL0128,ST091,1991-07-11,2,NA,350,6.5,0.001,0.01,0.003,0.003,NA,1.87,1.93,mg/L,WB085,Center Buoy/Water chem site B,main,47.066412,-84.394125,Upper Batchawana Lake
CHL0129,ST095,1991-07-11,1,NA,345,6.7,0.003,0.021,0.009,0.008,NA,3.83,3.97,mg/L,WB087,Buoy/Water chem site B,main,47.049274,-84.399988,Wishart Lake
CHL0130,ST065,1991-07-11,1,NA,645,9.1,0,0.008,0.003,0.003,NA,1.23,1.28,mg/L,NA,Center Buoy/Water chem site B,main,47.043396,-84.408613,Little Turkey Lake
CHL0131,ST090,1991-07-11,1,NA,645,6.5,0.001,0.007,0.002,0.001,NA,0.68,0.7,mg/L,WB084,Center Buoy,main,47.048369,-84.421142,Turkey Lake
CHL0132,ST095,1991-07-16,1,NA,300,8.5,0,0.016,0.005,0.004,NA,4.98,5.16,mg/L,WB087,Buoy/Water chem site B,main,47.049274,-84.399988,Wishart Lake
CHL0133,ST095,1991-07-16,2,NA,300,6,0.008,0.029,0.016,0.015,NA,4.56,4.74,mg/L,WB087,Buoy/Water chem site B,main,47.049274,-84.399988,Wishart Lake
CHL0134,ST065,1991-07-16,1,NA,600,7.8,0,0.009,0.003,0.003,NA,1.28,1.33,mg/L,NA,Center Buoy/Water chem site B,main,47.043396,-84.408613,Little Turkey Lake
CHL0135,ST065,1991-07-16,2,NA,600,8.1,0,0.007,0.002,0.002,NA,1.04,1.08,mg/L,NA,Center Buoy/Water chem site B,main,47.043396,-84.408613,Little Turkey Lake
CHL0136,ST065,1991-07-16,3,NA,600,7.6,0.001,0.009,0.004,0.003,NA,1.1,1.14,mg/L,NA,Center Buoy/Water chem site B,main,47.043396,-84.408613,Little Turkey Lake
CHL0137,ST090,1991-07-16,1,NA,775,8.1,0.002,0.007,0.003,0.003,NA,0.59,0.6,mg/L,WB084,Center Buoy,main,47.048369,-84.421142,Turkey Lake
CHL0138,ST068,1991-10-10,1,NA,1000,9.5,0.002,0.007,0.003,0.003,NA,0.53,0.55,mg/L,WB066,Center Buoy/Water chem site B,main,47.06338,-84.390411,Lower Batchawana Lake
CHL0139,ST091,1991-10-10,1,NA,1000,4.5,0.006,0.023,0.014,0.013,NA,0.82,0.85,mg/L,WB085,Center Buoy/Water chem site B,main,47.066412,-84.394125,Upper Batchawana Lake
CHL0140,ST090,1991-11-04,1,NA,1000,9.2,0.049,0.07,0.074,0.081,NA,1.78,1.96,mg/L,WB084,Center Buoy,main,47.048369,-84.421142,Turkey Lake
CHL0141,ST091,1992-09-14,1,NA,1000,9.8,0.002,0.018,0.005,0.004,NA,1.76,1.81,mg/L,WB085,Center Buoy/Water chem site B,main,47.066412,-84.394125,Upper Batchawana Lake
CHL0142,ST065,1992-09-15,1,NA,1000,8.7,0.002,0.04,0.012,0.01,NA,3.67,3.79,mg/L,NA,Center Buoy/Water chem site B,main,47.043396,-84.408613,Little Turkey Lake
CHL0143,ST095,1992-09-16,1,NA,570,7,0.003,0.059,0.017,0.015,NA,7.65,7.9,mg/L,WB087,Buoy/Water chem site B,main,47.049274,-84.399988,Wishart Lake
CHL0144,ST091,1993-07-14,1,NA,1000,11,0,0.012,0.004,0.003,NA,1.44,1.5,mg/L,WB085,Center Buoy/Water chem site B,main,47.066412,-84.394125,Upper Batchawana Lake
CHL0145,ST095,1993-07-14,1,NA,810,9.5,0.001,0.016,0.004,0.005,NA,1.98,2.03,mg/L,WB087,Buoy/Water chem site B,main,47.049274,-84.399988,Wishart Lake
CHL0146,ST065,1993-07-14,1,NA,1000,9.1,0,0.01,0.002,0.002,NA,1.02,1.05,mg/L,NA,Center Buoy/Water chem site B,main,47.043396,-84.408613,Little Turkey Lake
CHL0147,ST091,1994-05-17,1,NA,1000,11.3,0.002,0.023,0.007,0.007,NA,2.65,2.73,mg/L,WB085,Center Buoy/Water chem site B,main,47.066412,-84.394125,Upper Batchawana Lake
CHL0148,ST095,1994-05-17,1,NA,1000,8.6,0.013,0.023,0.013,0.014,NA,1,1.02,mg/L,WB087,Buoy/Water chem site B,main,47.049274,-84.399988,Wishart Lake
CHL0149,ST065,1994-05-17,1,NA,1000,7.7,0.003,0.018,0.007,0.006,NA,1.28,1.32,mg/L,NA,Center Buoy/Water chem site B,main,47.043396,-84.408613,Little Turkey Lake
CHL0150,ST091,1994-07-14,1,NA,1000,9.4,0,0.024,0.007,0.006,NA,2.49,2.58,mg/L,WB085,Center Buoy/Water chem site B,main,47.066412,-84.394125,Upper Batchawana Lake
CHL0151,ST095,1994-07-14,1,NA,550,6.8,0,0.04,0.011,0.01,NA,5.48,5.66,mg/L,WB087,Buoy/Water chem site B,main,47.049274,-84.399988,Wishart Lake
CHL0152,ST065,1994-07-14,1,NA,1000,8.1,0.001,0.029,0.009,0.008,NA,2.51,2.59,mg/L,NA,Center Buoy/Water chem site B,main,47.043396,-84.408613,Little Turkey Lake
CHL0153,ST091,1994-09-12,1,NA,1000,7.9,0.002,0.029,0.009,0.008,NA,2.37,2.45,mg/L,WB085,Center Buoy/Water chem site B,main,47.066412,-84.394125,Upper Batchawana Lake
CHL0154,ST095,1994-09-14,1,NA,560,10.1,0.004,0.026,0.009,0.007,NA,4.43,4.57,mg/L,WB087,Buoy/Water chem site B,main,47.049274,-84.399988,Wishart Lake
CHL0155,ST065,1994-09-14,1,NA,910,10.2,0.003,0.023,0.006,0.005,NA,2.54,2.61,mg/L,NA,Center Buoy/Water chem site B,main,47.043396,-84.408613,Little Turkey Lake
CHL0156,ST095,1994-10-31,1,NA,1000,13,0.001,0.021,0.006,0.004,NA,2.89,2.98,mg/L,WB087,Buoy/Water chem site B,main,47.049274,-84.399988,Wishart Lake
CHL0157,ST091,1995-07-11,1,NA,1000,10,0.002,0.016,0.006,0.005,NA,1.55,1.6,mg/L,WB085,Center Buoy/Water chem site B,main,47.066412,-84.394125,Upper Batchawana Lake
CHL0158,ST095,1995-07-11,1,NA,620,13,0.003,0.017,0.005,0.004,NA,3.33,3.42,mg/L,WB087,Buoy/Water chem site B,main,47.049274,-84.399988,Wishart Lake
CHL0159,ST065,1995-07-11,1,NA,1000,12.4,0.002,0.016,0.004,0.003,NA,1.97,2.02,mg/L,NA,Center Buoy/Water chem site B,main,47.043396,-84.408613,Little Turkey Lake
CHL0160,ST091,1995-09-14,1,NA,1000,13,0,0.003,0.002,0.001,NA,0.4,0.42,mg/L,WB085,Center Buoy/Water chem site B,main,47.066412,-84.394125,Upper Batchawana Lake
CHL0161,ST095,1995-09-14,1,NA,685,13.2,0.001,0.017,0.006,0.005,NA,3.39,3.51,mg/L,WB087,Buoy/Water chem site B,main,47.049274,-84.399988,Wishart Lake
CHL0162,ST065,1995-09-14,1,NA,1000,13.5,0,0.015,0.005,0.005,NA,2.22,2.3,mg/L,NA,Center Buoy/Water chem site B,main,47.043396,-84.408613,Little Turkey Lake
CHL0163,ST069,1998-05-25,1,NA,1000,11.1,0.006,0.016,0.009,0.01,Composite Tube/Tube composite,1.22,1.27,mg/L,WB066,Water chem site C,additional,47.062728,-84.388918,Lower Batchawana Lake
CHL0164,ST069,1998-05-25,2,NA,1000,12.1,0.001,0.009,0.004,0.002,Composite Tube/Tube composite,0.637,7.821999999999997,mg/L,WB066,Water chem site C,additional,47.062728,-84.388918,Lower Batchawana Lake
CHL0165,ST068,1998-05-25,1,NA,870,8,0,0.011,0.003,0.001,Composite Tube/Tube composite,1.12,1.16,mg/L,WB066,Center Buoy/Water chem site B,main,47.06338,-84.390411,Lower Batchawana Lake
CHL0166,ST068,1998-05-25,2,NA,1000,7.3,0.005,0.022,0.01,0.008,Composite Tube/Tube composite,1.37,1.42,mg/L,WB066,Center Buoy/Water chem site B,main,47.06338,-84.390411,Lower Batchawana Lake
CHL0167,ST070,1998-05-25,1,NA,1000,8.5,0,0.007,0.002,0.001,Composite Tube/Tube composite,0.66,0.68,mg/L,WB066,Water chem site A,additional,47.064197,-84.392044,Lower Batchawana Lake
CHL0168,ST070,1998-05-25,2,NA,1000,8.9,0.002,0.011,0.004,0.003,Composite Tube/Tube composite,0.89,0.92,mg/L,WB066,Water chem site A,additional,47.064197,-84.392044,Lower Batchawana Lake
CHL0169,ST096,1998-05-26,1,NA,1000,11.5,0,0.021,0.007,0.006,Composite Tube/Tube composite,2.64,2.74,mg/L,WB087,Water chem site C,additional,47.047952,-84.394833,Wishart Lake
CHL0170,ST096,1998-05-26,2,NA,1000,9.2,0,0.016,0.005,0.005,Composite Tube/Tube composite,1.62,1.68,mg/L,WB087,Water chem site C,additional,47.047952,-84.394833,Wishart Lake
CHL0171,ST095,1998-05-26,1,NA,1000,8.5,0.004,0.021,0.008,0.007,Composite Tube/Tube composite,1.61,1.66,mg/L,WB087,Buoy/Water chem site B,main,47.049274,-84.399988,Wishart Lake
CHL0172,ST095,1998-05-26,2,NA,1000,8.7,0.001,0.022,0.007,0.006,Composite tube/Tube composite,2.02,2.09,mg/L,WB087,Buoy/Water chem site B,main,47.049274,-84.399988,Wishart Lake
CHL0173,ST097,1998-05-26,1,NA,1000,8.3,0,0.018,0.005,0.005,Composite Tube/Tube composite,1.65,1.71,mg/L,WB087,Water chem site A,additional,47.050943,-84.401391,Wishart Lake
CHL0174,ST097,1998-05-26,2,NA,1000,9.3,0.002,0.021,0.008,0.007,Composite Tube/Tube composite,1.94,2.01,mg/L,WB087,Water chem site A,additional,47.050943,-84.401391,Wishart Lake
CHL0175,ST066,1998-05-27,1,NA,1000,8.4,0.002,0.014,0.007,0.006,Composite Tube/Tube composite,1.09,1.13,mg/L,NA,Water chem site A,additional,47.25194444,-83.86722222,Little Turkey Lake
CHL0176,ST066,1998-05-27,2,NA,1000,9,0,0.01,0.001,0,Composite Tube/Tube composite,1.03,1.05,mg/L,NA,Water chem site A,additional,47.25194444,-83.86722222,Little Turkey Lake
CHL0177,ST065,1998-05-27,1,NA,1000,9,0,0.01,0,0,Composite Tube/Tube composite,1.05,1.07,mg/L,NA,Center Buoy/Water chem site B,main,47.043396,-84.408613,Little Turkey Lake
CHL0178,ST065,1998-05-27,2,NA,1000,8.8,0,0.012,0.003,0.001,Composite Tube/Tube composite,1.17,1.21,mg/L,NA,Center Buoy/Water chem site B,main,47.043396,-84.408613,Little Turkey Lake
CHL0179,ST067,1998-05-27,1,NA,1000,7.1,0,0.012,0.003,0.001,NA,0.95,0.98,mg/L,NA,Water chem site C,additional,47.041501,-84.409174,Little Turkey Lake
CHL0180,ST067,1998-05-27,2,NA,1000,7.8,0,0.014,0.003,0,NA,1.22,1.26,mg/L,NA,Water chem site C,additional,47.041501,-84.409174,Little Turkey Lake
CHL0181,ST079,1998-05-28,1,NA,1000,9.3,0.001,0.017,0.006,0.006,Composite Tube/Tube composite,1.64,1.7,mg/L,WB075,Center Buoy/Water chem site B,main,46.73133333,-84.22058333,Quinn Lake
CHL0182,ST079,1998-05-28,2,NA,1000,8.7,0.003,0.025,0.012,0.01,Composite Tube/Tube composite,2.06,2.15,mg/L,WB075,Center Buoy/Water chem site B,main,46.73133333,-84.22058333,Quinn Lake
CHL0183,ST080,1998-05-28,1,NA,1000,8.1,0.005,0.024,0.011,0.009,Composite Tube/Tube composite,1.69,1.75,mg/L,WB075,Water chem site A,additional,46.730039,-84.22286,Quinn Lake
CHL0184,ST080,1998-05-28,2,NA,1000,8.5,0.003,0.023,0.008,0.007,Composite Tube/Tube composite,1.89,1.95,mg/L,WB075,Water chem site A,additional,46.730039,-84.22286,Quinn Lake
CHL0185,ST081,1998-05-28,1,NA,1000,8.8,0.003,0.02,0.008,0.007,Composite Tube/Tube composite,1.65,1.71,mg/L,WB075,Water chem site C,additional,46.731395,-84.222902,Quinn Lake
CHL0186,ST081,1998-05-28,2,NA,1000,8.6,0.001,0.019,0.006,0.005,Composite Tube/Tube composite,1.71,1.77,mg/L,WB075,Water chem site C,additional,46.731395,-84.222902,Quinn Lake
CHL0187,ST069,1998-06-08,1,NA,1000,9.5,0.001,0.011,0.005,0.002,Composite Tube/Tube composite,1.02,1.07,mg/L,WB066,Water chem site C,additional,47.062728,-84.388918,Lower Batchawana Lake
CHL0188,ST069,1998-06-08,2,NA,1000,8.6,0.001,0.011,0.005,0.004,Composite Tube/Tube composite,0.93,0.97,mg/L,WB066,Water chem site C,additional,47.062728,-84.388918,Lower Batchawana Lake
CHL0189,ST068,1998-06-08,1,NA,1000,10,0.003,0.013,0.006,0.005,Composite Tube/Tube composite,1.1,1.14,mg/L,WB066,Center Buoy/Water chem site B,main,47.06338,-84.390411,Lower Batchawana Lake
CHL0190,ST068,1998-06-08,2,NA,1000,9.7,0.008,0.021,0.013,0.011,Composite Tube/Tube composite,1.37,1.42,mg/L,WB066,Center Buoy/Water chem site B,main,47.06338,-84.390411,Lower Batchawana Lake
CHL0191,ST070,1998-06-08,1,NA,1000,8.7,0,0.014,0.003,0.003,Composite Tube/Tube composite,1.36,1.41,mg/L,WB066,Water chem site A,additional,47.064197,-84.392044,Lower Batchawana Lake
CHL0192,ST070,1998-06-08,2,NA,1000,10.2,0,0.011,0.002,0.002,Composite Tube/Tube composite,1.26,1.3,mg/L,WB066,Water chem site A,additional,47.064197,-84.392044,Lower Batchawana Lake
CHL0193,ST092,1998-06-09,1,NA,1000,9.2,0.003,0.014,0.005,0.003,Composite Tube/Tube composite,1.14,1.17,mg/L,WB085,Water chem site C,additional,47.065874,-84.39364,Upper Batchawana Lake
CHL0194,ST092,1998-06-09,2,NA,1000,9.3,0,0.013,0.004,0.003,Composite Tube/Tube composite,1.33,1.38,mg/L,WB085,Water chem site C,additional,47.065874,-84.39364,Upper Batchawana Lake
CHL0195,ST091,1998-06-09,1,NA,1000,9.8,0.004,0.018,0.009,0.008,Composite Tube/Tube composite,1.5,1.55,mg/L,WB085,Center Buoy/Water chem site B,main,47.066412,-84.394125,Upper Batchawana Lake
CHL0196,ST091,1998-06-09,2,NA,1000,10.9,0,0.009,0.004,0.003,Composite Tube/Tube composite,1.05,1.1,mg/L,WB085,Center Buoy/Water chem site B,main,47.066412,-84.394125,Upper Batchawana Lake
CHL0197,ST093,1998-06-09,1,NA,1000,9.5,0.002,0.012,0.003,0,Composite Tube/Tube composite,1.08,1.11,mg/L,WB085,Water chem site A,additional,47.067218,-84.395036,Upper Batchawana Lake
CHL0198,ST093,1998-06-09,2,NA,1000,8.7,0,0.014,0.006,0.004,Composite Tube/Tube composite,1.31,1.37,mg/L,WB085,Water chem site A,additional,47.067218,-84.395036,Upper Batchawana Lake
CHL0199,ST096,1998-06-10,1,NA,1000,12,0.001,0.019,0.006,0.005,Composite Tube/Tube composite,2.39,2.47,mg/L,WB087,Water chem site C,additional,47.047952,-84.394833,Wishart Lake
CHL0200,ST096,1998-06-10,2,NA,1000,9.9,0.002,0.018,0.006,0.005,Composite Tube/Tube composite,1.76,1.82,mg/L,WB087,Water chem site C,additional,47.047952,-84.394833,Wishart Lake
CHL0201,ST095,1998-06-10,1,NA,990,10.1,0.003,0.023,0.009,0.008,Composite Tube/Tube composite,2.25,2.33,mg/L,WB087,Buoy/Water chem site B,main,47.049274,-84.399988,Wishart Lake
CHL0202,ST095,1998-06-10,2,NA,1000,11.3,0.002,0.031,0.011,0.009,Composite Tube/Tube composite,3.6,3.73,mg/L,WB087,Buoy/Water chem site B,main,47.049274,-84.399988,Wishart Lake
CHL0203,ST097,1998-06-10,1,NA,1000,11.1,0.002,0.022,0.007,0.007,Composite Tube/Tube composite,2.47,2.55,mg/L,WB087,Water chem site A,additional,47.050943,-84.401391,Wishart Lake
CHL0204,ST097,1998-06-10,2,NA,1000,10,0.001,0.026,0.008,0.007,Composite Tube/Tube composite,2.76,2.86,mg/L,WB087,Water chem site A,additional,47.050943,-84.401391,Wishart Lake
CHL0205,ST066,1998-06-10,1,NA,1000,9.5,0.001,0.012,0.004,0.004,Composite Tube/Tube composite,1.16,1.2,mg/L,NA,Water chem site A,additional,47.25194444,-83.86722222,Little Turkey Lake
CHL0206,ST066,1998-06-10,2,NA,1000,11.5,0.002,0.012,0.004,0.004,Composite Tube/Tube composite,1.29,1.33,mg/L,NA,Water chem site A,additional,47.25194444,-83.86722222,Little Turkey Lake
CHL0207,ST065,1998-06-10,1,NA,1000,9.3,0.001,0.014,0.004,0.003,Composite Tube/Tube composite,1.35,1.39,mg/L,NA,Center Buoy/Water chem site B,main,47.043396,-84.408613,Little Turkey Lake
CHL0208,ST065,1998-06-10,2,NA,1000,8.1,0.002,0.013,0.005,0.004,Composite Tube/Tube composite,0.99,1.02,mg/L,NA,Center Buoy/Water chem site B,main,47.043396,-84.408613,Little Turkey Lake
CHL0209,ST067,1998-06-10,1,NA,1000,9.7,0,0.012,0.003,0.003,Composite Tube/Tube composite,1.29,1.34,mg/L,NA,Water chem site C,additional,47.041501,-84.409174,Little Turkey Lake
CHL0210,ST067,1998-06-10,2,NA,1000,10.5,0,0.011,0.003,0.002,Composite Tube/Tube composite,1.28,1.32,mg/L,NA,Water chem site C,additional,47.041501,-84.409174,Little Turkey Lake
CHL0211,ST079,1998-06-11,1,NA,1000,11.8,0.002,0.032,0.01,0.008,Composite Tube/Tube composite,3.92,4.06,mg/L,WB075,Center Buoy/Water chem site B,main,46.73133333,-84.22058333,Quinn Lake
CHL0212,ST079,1998-06-11,2,NA,1000,9.5,0.002,0.034,0.01,0.007,Composite Tube/Tube composite,3.38,3.49,mg/L,WB075,Center Buoy/Water chem site B,main,46.73133333,-84.22058333,Quinn Lake
CHL0213,ST080,1998-06-11,1,NA,1000,9.4,0.002,0.041,0.013,0.01,Composite Tube/Tube composite,4.05,4.19,mg/L,WB075,Water chem site A,additional,46.730039,-84.22286,Quinn Lake
CHL0214,ST080,1998-06-11,2,NA,1000,10.3,0.001,0.037,0.011,0.008,Composite Tube/Tube composite,4.1,4.24,mg/L,WB075,Water chem site A,additional,46.730039,-84.22286,Quinn Lake
CHL0215,ST081,1998-06-11,1,NA,1000,9.8,0.002,0.04,0.012,0.009,Composite Tube/Tube composite,4.13,4.27,mg/L,WB075,Water chem site C,additional,46.731395,-84.222902,Quinn Lake
CHL0216,ST081,1998-06-11,2,NA,1000,10,0.001,0.034,0.01,0.008,Composite Tube/Tube composite,3.65,3.78,mg/L,WB075,Water chem site C,additional,46.731395,-84.222902,Quinn Lake
CHL0217,ST079,1998-06-24,1,NA,500,10.5,0,0.019,0.007,0.006,Composite Tube/Tube composite,4.34,4.51,mg/L,WB075,Center Buoy/Water chem site B,main,46.73133333,-84.22058333,Quinn Lake
CHL0218,ST079,1998-06-24,2,NA,500,9.3,0.001,0.016,0.005,0.005,Composite Tube/Tube composite,3.09,3.2,mg/L,WB075,Center Buoy/Water chem site B,main,46.73133333,-84.22058333,Quinn Lake
CHL0219,ST080,1998-06-24,1,NA,500,8.8,0,0.022,0.008,0.007,Composite Tube/Tube composite,4.22,4.38,mg/L,WB075,Water chem site A,additional,46.730039,-84.22286,Quinn Lake
CHL0220,ST080,1998-06-24,2,NA,1000,9.5,0.001,0.022,0.008,0.006,Composite Tube/Tube composite,5.92,0.95,mg/L,WB075,Water chem site A,additional,46.730039,-84.22286,Quinn Lake
CHL0221,ST069,1998-06-29,1,NA,1000,10.8,0.001,0.041,0.01,0.011,Composite Tube/Tube composite,4.83,4.98,mg/L,WB066,Water chem site C,additional,47.062728,-84.388918,Lower Batchawana Lake
CHL0222,ST069,1998-06-29,2,NA,1000,11.7,0,0.021,0.006,0.005,Composite Tube/Tube composite,2.71,2.81,mg/L,WB066,Water chem site C,additional,47.062728,-84.388918,Lower Batchawana Lake
CHL0223,ST068,1998-06-29,1,NA,1000,10.3,0.002,0.025,0.006,0.006,Composite Tube/Tube composite,2.67,2.75,mg/L,WB066,Center Buoy/Water chem site B,main,47.06338,-84.390411,Lower Batchawana Lake
CHL0224,ST068,1998-06-29,2,NA,1000,11.5,0,0.018,0.006,0.004,Composite Tube/Tube composite,2.27,2.35,mg/L,WB066,Center Buoy/Water chem site B,main,47.06338,-84.390411,Lower Batchawana Lake
CHL0225,ST070,1998-06-29,1,NA,1000,10.2,0.001,0.019,0.007,0.005,Composite Tube/Tube composite,2.01,2.08,mg/L,WB066,Water chem site A,additional,47.064197,-84.392044,Lower Batchawana Lake
CHL0226,ST070,1998-06-29,2,NA,1000,11.7,0.002,0.021,0.007,0.006,Composite Tube/Tube composite,2.47,2.55,mg/L,WB066,Water chem site A,additional,47.064197,-84.392044,Lower Batchawana Lake
CHL0227,ST092,1998-06-29,1,NA,1000,10.5,0.001,0.013,0.003,0.004,Composite Tube/Tube composite,1.42,1.46,mg/L,WB085,Water chem site C,additional,47.065874,-84.39364,Upper Batchawana Lake
CHL0228,ST092,1998-06-29,2,NA,1000,9.1,0.003,0.016,0.005,0.007,Composite Tube/Tube composite,1.34,1.38,mg/L,WB085,Water chem site C,additional,47.065874,-84.39364,Upper Batchawana Lake
CHL0229,ST091,1998-06-29,1,NA,1000,10.3,0,0.011,0.004,0.003,Composite Tube/Tube composite,1.23,1.28,mg/L,WB085,Center Buoy/Water chem site B,main,47.066412,-84.394125,Upper Batchawana Lake
CHL0230,ST091,1998-06-29,2,NA,1000,9.1,0.011,0.028,0.018,0.02,Composite Tube/Tube composite,1.67,1.74,mg/L,WB085,Center Buoy/Water chem site B,main,47.066412,-84.394125,Upper Batchawana Lake
CHL0231,ST096,1998-06-29,1,NA,1000,9.7,0.002,0.02,0.007,0.006,Composite Tube/Tube composite,1.93,2,mg/L,WB087,Water chem site C,additional,47.047952,-84.394833,Wishart Lake
CHL0232,ST096,1998-06-29,2,NA,1000,10.6,0.001,0.023,0.008,0.006,Composite Tube/Tube composite,2.56,2.65,mg/L,WB087,Water chem site C,additional,47.047952,-84.394833,Wishart Lake
CHL0233,ST093,1998-06-29,1,NA,1000,9.2,0.001,0.018,0.003,0.003,Composite Tube/Tube composite,1.78,1.83,mg/L,WB085,Water chem site A,additional,47.067218,-84.395036,Upper Batchawana Lake
CHL0234,ST093,1998-06-29,2,NA,1000,10.8,0,0.011,0.003,0.002,Composite Tube/Tube composite,1.32,1.36,mg/L,WB085,Water chem site A,additional,47.067218,-84.395036,Upper Batchawana Lake
CHL0235,ST095,1998-06-29,1,NA,750,8.6,0.002,0.024,0.006,0.003,Composite Tube/Tube composite,2.84,2.92,mg/L,WB087,Buoy/Water chem site B,main,47.049274,-84.399988,Wishart Lake
CHL0236,ST095,1998-06-29,2,1,500,8.5,0.002,0.018,0.006,0.005,Composite Tube/Tube composite,3.02,3.12,mg/L,WB087,Buoy/Water chem site B,main,47.049274,-84.399988,Wishart Lake
CHL0237,ST095,1998-06-29,2,2,500,9,0.002,0.017,0.004,0.002,Composite Tube/Tube composite,3.07,3.14,mg/L,WB087,Buoy/Water chem site B,main,47.049274,-84.399988,Wishart Lake
CHL0238,ST097,1998-06-29,1,NA,1000,9.3,0.005,0.04,0.015,0.013,Composite Tube/Tube composite,3.6,3.72,mg/L,WB087,Water chem site A,additional,47.050943,-84.401391,Wishart Lake
CHL0239,ST097,1998-06-29,2,NA,1000,9.6,0,0.029,0.009,0.006,Composite Tube/Tube composite,3.06,3.17,mg/L,WB087,Water chem site A,additional,47.050943,-84.401391,Wishart Lake
CHL0240,ST066,1998-06-29,1,NA,1000,10.5,0,0.012,0.004,0.002,Composite Tube/Tube composite,1.38,1.43,mg/L,NA,Water chem site A,additional,47.25194444,-83.86722222,Little Turkey Lake
CHL0241,ST066,1998-06-29,2,NA,1000,9.3,0.003,0.022,0.01,0.009,Composite Tube/Tube composite,1.92,2,mg/L,NA,Water chem site A,additional,47.25194444,-83.86722222,Little Turkey Lake
CHL0242,ST065,1998-06-29,1,NA,1000,10.4,0.003,0.017,0.004,0.002,Composite Tube/Tube composite,1.67,1.71,mg/L,NA,Center Buoy/Water chem site B,main,47.043396,-84.408613,Little Turkey Lake
CHL0243,ST065,1998-06-29,2,NA,1000,9,0.005,0.023,0.011,0.01,Composite Tube/Tube composite,1.77,1.84,mg/L,NA,Center Buoy/Water chem site B,main,47.043396,-84.408613,Little Turkey Lake
CHL0244,ST067,1998-06-29,1,NA,1000,10.2,0.002,0.013,0.005,0.005,Composite Tube/Tube composite,1.24,1.28,mg/L,NA,Water chem site C,additional,47.041501,-84.409174,Little Turkey Lake
CHL0245,ST067,1998-06-29,2,NA,1000,10.7,0.001,0.01,0.003,0.003,Composite Tube/Tube composite,1.08,1.11,mg/L,NA,Water chem site C,additional,47.041501,-84.409174,Little Turkey Lake
CHL0246,ST079,1998-07-14,1,NA,1000,9.2,0,0.017,0.005,0.002,Composite Tube/Tube composite,1.72,1.78,mg/L,WB075,Center Buoy/Water chem site B,main,46.73133333,-84.22058333,Quinn Lake
CHL0247,ST079,1998-07-14,2,NA,1000,12.3,0,0.016,0.004,0.004,Composite Tube/Tube composite,2.19,2.26,mg/L,WB075,Center Buoy/Water chem site B,main,46.73133333,-84.22058333,Quinn Lake
CHL0248,ST080,1998-07-14,1,NA,1000,13.4,0,0.016,0.004,0.001,Composite Tube/Tube composite,2.38,2.46,mg/L,WB075,Water chem site A,additional,46.730039,-84.22286,Quinn Lake
CHL0249,ST080,1998-07-14,2,NA,1000,10,0,0.023,0.006,0.004,Composite Tube/Tube composite,2.55,2.64,mg/L,WB075,Water chem site A,additional,46.730039,-84.22286,Quinn Lake
CHL0250,ST081,1998-07-14,1,NA,1000,8.8,0,0.021,0.006,0.004,Composite Tube/Tube composite,2.04,2.11,mg/L,WB075,Water chem site C,additional,46.731395,-84.222902,Quinn Lake
CHL0251,ST081,1998-07-14,2,NA,1000,10.8,0.001,0.022,0.006,0.002,Composite Tube/Tube composite,2.52,2.61,mg/L,WB075,Water chem site C,additional,46.731395,-84.222902,Quinn Lake
CHL0252,ST069,1998-07-15,1,NA,1000,10,0.002,0.029,0.007,0.006,Composite Tube/Tube composite,3.04,3.13,mg/L,WB066,Water chem site C,additional,47.062728,-84.388918,Lower Batchawana Lake
CHL0253,ST069,1998-07-15,2,NA,1000,9.7,0.005,0.028,0.017,0.017,Composite Tube/Tube composite,2.36,2.47,mg/L,WB066,Water chem site C,additional,47.062728,-84.388918,Lower Batchawana Lake
CHL0254,ST068,1998-07-15,1,NA,1000,9.8,0.001,0.025,0.008,0.007,Composite Tube/Tube composite,2.6,2.69,mg/L,WB066,Center Buoy/Water chem site B,main,47.06338,-84.390411,Lower Batchawana Lake
CHL0255,ST068,1998-07-15,2,NA,1000,10.5,0.001,0.022,0.007,0.004,Composite Tube/Tube composite,2.43,2.52,mg/L,WB066,Center Buoy/Water chem site B,main,47.06338,-84.390411,Lower Batchawana Lake
CHL0256,ST070,1998-07-15,1,NA,1000,10,0,0.025,0.006,0.005,Composite Tube/Tube composite,2.79,2.87,mg/L,WB066,Water chem site A,additional,47.064197,-84.392044,Lower Batchawana Lake
CHL0257,ST070,1998-07-15,2,NA,1000,11.2,0.001,0.01,0.007,0.006,Composite Tube/Tube composite,1.03,1.1,mg/L,WB066,Water chem site A,additional,47.064197,-84.392044,Lower Batchawana Lake
CHL0258,ST092,1998-07-15,1,NA,1000,9.6,0.001,0.018,0.004,0.005,Composite Tube/Tube composite,1.84,1.89,mg/L,WB085,Water chem site C,additional,47.065874,-84.39364,Upper Batchawana Lake
CHL0259,ST092,1998-07-15,2,NA,1000,13,0.002,0.011,0.005,0.006,Composite Tube/Tube composite,1.28,1.33,mg/L,WB085,Water chem site C,additional,47.065874,-84.39364,Upper Batchawana Lake
CHL0260,ST091,1998-07-15,1,NA,1000,10.2,0,0.014,0.002,0.002,Composite Tube/Tube composite,1.62,1.66,mg/L,WB085,Center Buoy/Water chem site B,main,47.066412,-84.394125,Upper Batchawana Lake
CHL0261,ST091,1998-07-15,2,NA,1000,11,0.002,0.015,0.005,0.004,Composite Tube/Tube composite,1.6,1.65,mg/L,WB085,Center Buoy/Water chem site B,main,47.066412,-84.394125,Upper Batchawana Lake
CHL0262,ST096,1998-07-15,1,NA,1000,11.2,0.001,0.025,0.006,0.004,Composite Tube/Tube composite,3.01,3.1,mg/L,WB087,Water chem site C,additional,47.047952,-84.394833,Wishart Lake
CHL0263,ST096,1998-07-15,2,1,400,10,0.005,0.017,0.008,0.007,Composite Tube/Tube composite,3.33,3.44,mg/L,WB087,Water chem site C,additional,47.047952,-84.394833,Wishart Lake
CHL0264,ST096,1998-07-15,2,2,400,13.4,0.001,0.018,0.006,0.004,Composite Tube/Tube composite,6.28,6.5,mg/L,WB087,Water chem site C,additional,47.047952,-84.394833,Wishart Lake
CHL0265,ST093,1998-07-15,1,NA,1000,10.4,0,0.013,0.004,0.001,Composite Tube/Tube composite,1.48,1.54,mg/L,WB085,Water chem site A,additional,47.067218,-84.395036,Upper Batchawana Lake
CHL0266,ST093,1998-07-15,2,NA,1000,9.5,0.001,0.015,0.005,0.004,Composite Tube/Tube composite,1.47,1.52,mg/L,WB085,Water chem site A,additional,47.067218,-84.395036,Upper Batchawana Lake
CHL0267,ST095,1998-07-15,1,1,700,11.4,0.003,0.024,0.009,0.005,Composite Tube/Tube composite,3.77,3.9,mg/L,WB087,Buoy/Water chem site B,main,47.049274,-84.399988,Wishart Lake
CHL0268,ST095,1998-07-15,1,2,300,11.2,0.001,0.019,0.003,0.003,Composite Tube/Tube composite,7.67,7.85,mg/L,WB087,Buoy/Water chem site B,main,47.049274,-84.399988,Wishart Lake
CHL0269,ST095,1998-07-15,2,1,400,9.1,0.002,0.015,0.004,0.003,Composite Tube/Tube composite,3.35,3.44,mg/L,WB087,Buoy/Water chem site B,main,47.049274,-84.399988,Wishart Lake
CHL0270,ST095,1998-07-15,2,2,400,11,0,0.019,0.005,0.003,Composite Tube/Tube composite,5.79,5.99,mg/L,WB087,Buoy/Water chem site B,main,47.049274,-84.399988,Wishart Lake
CHL0271,NA,1998-07-15,1,2,400,12,0.001,0.014,0.003,0.003,Composite Tube/Tube composite,4.42,4.53,mg/L,NA,NA,NA,NA,NA,NA
CHL0272,ST097,1998-07-15,1,1,600,13,0.002,0.018,0.005,0.003,Composite Tube/Tube composite,3.9,4.01,mg/L,WB087,Water chem site A,additional,47.050943,-84.401391,Wishart Lake
CHL0273,ST097,1998-07-15,2,1,600,10.1,0,0.02,0.006,0.003,Composite Tube/Tube composite,3.71,3.84,mg/L,WB087,Water chem site A,additional,47.050943,-84.401391,Wishart Lake
CHL0274,ST097,1998-07-15,2,2,400,13.1,0,0.009,0.003,0.002,Composite Tube/Tube composite,3.23,3.35,mg/L,WB087,Water chem site A,additional,47.050943,-84.401391,Wishart Lake
CHL0275,ST066,1998-07-15,1,NA,1000,9.7,0.001,0.017,0.004,0.003,Composite Tube/Tube composite,1.75,1.8,mg/L,NA,Water chem site A,additional,47.25194444,-83.86722222,Little Turkey Lake
CHL0276,ST066,1998-07-15,2,NA,1000,11.7,0.003,0.014,0.003,0.003,Composite Tube/Tube composite,1.5,1.53,mg/L,NA,Water chem site A,additional,47.25194444,-83.86722222,Little Turkey Lake
CHL0277,ST065,1998-07-15,1,NA,1000,9,0,0.013,0.004,0.003,Composite Tube/Tube composite,1.29,1.33,mg/L,NA,Center Buoy/Water chem site B,main,47.043396,-84.408613,Little Turkey Lake
CHL0278,ST065,1998-07-15,2,NA,1000,13.3,0.001,0.01,0.003,0.003,Composite Tube/Tube composite,1.34,1.38,mg/L,NA,Center Buoy/Water chem site B,main,47.043396,-84.408613,Little Turkey Lake
CHL0279,ST067,1998-07-15,1,NA,1000,10.2,0.001,0.013,0.004,0.002,Composite Tube/Tube composite,1.36,1.4,mg/L,NA,Water chem site C,additional,47.041501,-84.409174,Little Turkey Lake
CHL0280,ST069,1998-07-17,1,NA,1000,9.6,0,0.013,0.006,0.004,NA,1.33,1.39,mg/L,WB066,Water chem site C,additional,47.062728,-84.388918,Lower Batchawana Lake
CHL0281,ST069,1998-07-17,2,NA,1000,10,0,0.012,0.005,0.003,NA,1.29,1.35,mg/L,WB066,Water chem site C,additional,47.062728,-84.388918,Lower Batchawana Lake
CHL0282,ST068,1998-07-17,1,NA,1000,10,0.001,0.014,0.003,0.003,NA,1.47,1.51,mg/L,WB066,Center Buoy/Water chem site B,main,47.06338,-84.390411,Lower Batchawana Lake
CHL0283,ST068,1998-07-17,2,NA,1000,9.8,0.002,0.012,0.006,0.005,NA,1.06,1.1,mg/L,WB066,Center Buoy/Water chem site B,main,47.06338,-84.390411,Lower Batchawana Lake
CHL0284,ST070,1998-07-17,1,NA,1000,8.8,0.002,0.014,0.005,0.003,NA,1.17,1.21,mg/L,WB066,Water chem site A,additional,47.064197,-84.392044,Lower Batchawana Lake
CHL0285,ST070,1998-07-17,2,NA,1000,9.1,0.002,0.013,0.003,0.003,NA,1.15,1.17,mg/L,WB066,Water chem site A,additional,47.064197,-84.392044,Lower Batchawana Lake
CHL0286,ST079,1998-07-18,1,NA,1000,9.2,0.001,0.025,0.007,0.005,NA,2.45,2.53,mg/L,WB075,Center Buoy/Water chem site B,main,46.73133333,-84.22058333,Quinn Lake
CHL0287,ST079,1998-07-18,2,NA,1000,10.3,0.004,0.029,0.012,0.01,NA,2.83,2.93,mg/L,WB075,Center Buoy/Water chem site B,main,46.73133333,-84.22058333,Quinn Lake
CHL0288,ST080,1998-07-18,1,NA,1000,10.8,0.002,0.022,0.006,0.005,NA,2.42,2.5,mg/L,WB075,Water chem site A,additional,46.730039,-84.22286,Quinn Lake
CHL0289,ST081,1998-07-18,1,NA,1000,9.3,0.003,0.025,0.008,0.007,NA,2.28,2.36,mg/L,WB075,Water chem site C,additional,46.731395,-84.222902,Quinn Lake
CHL0290,ST081,1998-07-18,2,NA,1000,11.5,0.001,0.021,0.006,0.004,NA,2.56,2.64,mg/L,WB075,Water chem site C,additional,46.731395,-84.222902,Quinn Lake
CHL0291,ST069,1998-08-04,1,NA,800,9.4,0.003,0.017,0.005,0.005,Composite Tube/Tube composite,1.87,1.92,mg/L,WB066,Water chem site C,additional,47.062728,-84.388918,Lower Batchawana Lake
CHL0292,ST069,1998-08-04,2,NA,650,11.1,0.001,0.01,0.005,0.004,Composite Tube/Tube composite,1.65,1.72,mg/L,WB066,Water chem site C,additional,47.062728,-84.388918,Lower Batchawana Lake
CHL0293,ST068,1998-08-04,1,NA,1000,10.2,0.007,0.019,0.009,0.007,Composite Tube/Tube composite,1.38,1.42,mg/L,WB066,Center Buoy/Water chem site B,main,47.06338,-84.390411,Lower Batchawana Lake
CHL0294,ST068,1998-08-04,2,NA,1000,10.4,0.001,0.019,0.007,0.006,Composite Tube/Tube composite,2.05,2.13,mg/L,WB066,Center Buoy/Water chem site B,main,47.06338,-84.390411,Lower Batchawana Lake
CHL0295,ST070,1998-08-04,1,NA,1000,13.2,0.01,0.022,0.013,0.014,Composite Tube/Tube composite,1.76,1.82,mg/L,WB066,Water chem site A,additional,47.064197,-84.392044,Lower Batchawana Lake
CHL0296,ST070,1998-08-04,2,NA,1000,10,0,0.015,0.004,0.004,Composite Tube/Tube composite,1.66,1.72,mg/L,WB066,Water chem site A,additional,47.064197,-84.392044,Lower Batchawana Lake
CHL0297,ST092,1998-08-04,1,NA,800,9.3,0,0.01,0.003,0.002,Composite Tube/Tube composite,1.28,1.33,mg/L,WB085,Water chem site C,additional,47.065874,-84.39364,Upper Batchawana Lake
CHL0298,ST092,1998-08-04,2,NA,1000,11,0,0.01,0.003,0.003,Composite Tube/Tube composite,1.21,1.26,mg/L,WB085,Water chem site C,additional,47.065874,-84.39364,Upper Batchawana Lake
CHL0299,ST091,1998-08-04,1,NA,800,11.4,0.002,0.009,0.004,0.003,Composite Tube/Tube composite,1.1,1.14,mg/L,WB085,Center Buoy/Water chem site B,main,47.066412,-84.394125,Upper Batchawana Lake
CHL0300,ST091,1998-08-04,2,NA,800,10.5,0.005,0.014,0.007,0.006,Composite Tube/Tube composite,1.32,1.36,mg/L,WB085,Center Buoy/Water chem site B,main,47.066412,-84.394125,Upper Batchawana Lake
CHL0301,ST096,1998-08-04,1,NA,1000,9,0.002,0.054,0.017,0.014,Composite Tube/Tube composite,5.17,5.35,mg/L,WB087,Water chem site C,additional,47.047952,-84.394833,Wishart Lake
CHL0302,ST096,1998-08-04,2,NA,900,8.8,0.002,0.052,0.016,0.013,Composite Tube/Tube composite,5.41,5.59,mg/L,WB087,Water chem site C,additional,47.047952,-84.394833,Wishart Lake
CHL0303,ST093,1998-08-04,1,NA,1000,9.3,0.002,0.013,0.004,0.003,Composite Tube/Tube composite,1.15,1.18,mg/L,WB085,Water chem site A,additional,47.067218,-84.395036,Upper Batchawana Lake
CHL0304,ST093,1998-08-04,2,NA,1000,12.3,0.001,0.012,0.003,0.004,Composite Tube/Tube composite,1.53,1.57,mg/L,WB085,Water chem site A,additional,47.067218,-84.395036,Upper Batchawana Lake
CHL0305,ST095,1998-08-04,1,NA,1000,8.8,0.002,0.05,0.016,0.013,Composite Tube/Tube composite,4.66,4.82,mg/L,WB087,Buoy/Water chem site B,main,47.049274,-84.399988,Wishart Lake
CHL0306,ST095,1998-08-04,2,NA,900,9.3,0.002,0.042,0.013,0.011,Composite Tube/Tube composite,4.57,4.73,mg/L,WB087,Buoy/Water chem site B,main,47.049274,-84.399988,Wishart Lake
CHL0307,ST097,1998-08-04,1,NA,1000,8.8,0,0.042,0.012,0.01,Composite Tube/Tube composite,4.08,4.22,mg/L,WB087,Water chem site A,additional,47.050943,-84.401391,Wishart Lake
CHL0308,ST097,1998-08-04,2,NA,1000,10.6,0.001,0.035,0.01,0.008,Composite Tube/Tube composite,4,4.13,mg/L,WB087,Water chem site A,additional,47.050943,-84.401391,Wishart Lake
CHL0309,ST066,1998-08-04,1,NA,1000,9.7,0,0.017,0.005,0.004,Composite Tube/Tube composite,1.82,1.88,mg/L,NA,Water chem site A,additional,47.25194444,-83.86722222,Little Turkey Lake
CHL0310,ST066,1998-08-04,2,NA,1000,9.8,0.007,0.024,0.015,0.016,Composite Tube/Tube composite,1.78,1.86,mg/L,NA,Water chem site A,additional,47.25194444,-83.86722222,Little Turkey Lake
CHL0311,ST065,1998-08-04,1,NA,1000,10.3,0,0.015,0.004,0.002,Composite Tube/Tube composite,1.71,1.77,mg/L,NA,Center Buoy/Water chem site B,main,47.043396,-84.408613,Little Turkey Lake
CHL0312,ST065,1998-08-04,2,NA,1000,13,0,0.008,0.004,0.004,Composite Tube/Tube composite,1.1,1.16,mg/L,NA,Center Buoy/Water chem site B,main,47.043396,-84.408613,Little Turkey Lake
CHL0313,ST067,1998-08-04,1,NA,1000,11.8,0,0.016,0.005,0.004,Composite Tube/Tube composite,2.07,2.15,mg/L,NA,Water chem site C,additional,47.041501,-84.409174,Little Turkey Lake
CHL0314,ST067,1998-08-04,2,NA,1000,9.6,0,0.015,0.002,0.003,Composite Tube/Tube composite,1.64,1.68,mg/L,NA,Water chem site C,additional,47.041501,-84.409174,Little Turkey Lake
CHL0315,ST079,1998-08-05,1,NA,1000,8.5,0.003,0.026,0.008,0.008,Composite Tube/Tube composite,2.19,2.25,mg/L,WB075,Center Buoy/Water chem site B,main,46.73133333,-84.22058333,Quinn Lake
CHL0316,ST079,1998-08-05,2,NA,1000,9.5,0.002,0.031,0.01,0.007,Composite Tube/Tube composite,3.05,3.15,mg/L,WB075,Center Buoy/Water chem site B,main,46.73133333,-84.22058333,Quinn Lake
CHL0317,ST080,1998-08-05,1,NA,1000,10.7,0,0.019,0.006,0.005,Composite Tube/Tube composite,2.23,2.31,mg/L,WB075,Water chem site A,additional,46.730039,-84.22286,Quinn Lake
CHL0318,ST080,1998-08-05,2,NA,1000,8.6,0.002,0.024,0.008,0.007,Composite Tube/Tube composite,2.1,2.17,mg/L,WB075,Water chem site A,additional,46.730039,-84.22286,Quinn Lake
CHL0319,ST081,1998-08-05,1,NA,1000,9.4,0.003,0.027,0.009,0.007,Composite Tube/Tube composite,2.51,2.59,mg/L,WB075,Water chem site C,additional,46.731395,-84.222902,Quinn Lake
CHL0320,ST081,1998-08-05,2,NA,1000,9.3,0.002,0.026,0.008,0.007,Composite Tube/Tube composite,2.48,2.56,mg/L,WB075,Water chem site C,additional,46.731395,-84.222902,Quinn Lake
CHL0321,ST092,1998-08-17,1,NA,1000,11,0.001,0.014,0.005,0.004,Composite Tube/Tube composite,1.57,1.63,mg/L,WB085,Water chem site C,additional,47.065874,-84.39364,Upper Batchawana Lake
CHL0322,ST092,1998-08-17,2,NA,1000,12.3,0.001,0.012,0.004,0.004,Composite Tube/Tube composite,1.5,1.55,mg/L,WB085,Water chem site C,additional,47.065874,-84.39364,Upper Batchawana Lake
CHL0323,ST091,1998-08-17,1,NA,1000,12.4,0.004,0.013,0.007,0.006,Composite Tube/Tube composite,1.22,1.27,mg/L,WB085,Center Buoy/Water chem site B,main,47.066412,-84.394125,Upper Batchawana Lake
CHL0324,ST091,1998-08-17,2,NA,1000,9.5,0.001,0.007,0.003,0.003,Composite Tube/Tube composite,0.62,0.65,mg/L,WB085,Center Buoy/Water chem site B,main,47.066412,-84.394125,Upper Batchawana Lake
CHL0325,ST096,1998-08-17,1,NA,1000,10.5,0.001,0.065,0.018,0.016,Composite Tube/Tube composite,7.45,7.7,mg/L,WB087,Water chem site C,additional,47.047952,-84.394833,Wishart Lake
CHL0326,ST096,1998-08-17,2,NA,1000,9.2,0.002,0.068,0.019,0.017,Composite Tube/Tube composite,6.74,6.97,mg/L,WB087,Water chem site C,additional,47.047952,-84.394833,Wishart Lake
CHL0327,ST093,1998-08-17,1,NA,1000,13.5,0.001,0.012,0.004,0.004,Composite Tube/Tube composite,1.65,1.7,mg/L,WB085,Water chem site A,additional,47.067218,-84.395036,Upper Batchawana Lake
CHL0328,ST093,1998-08-17,2,NA,1000,11.3,0.002,0.012,0.005,0.005,Composite Tube/Tube composite,1.25,1.29,mg/L,WB085,Water chem site A,additional,47.067218,-84.395036,Upper Batchawana Lake
CHL0329,ST095,1998-08-17,1,NA,1000,9.8,0.001,0.072,0.02,0.018,Composite Tube/Tube composite,7.71,7.97,mg/L,WB087,Buoy/Water chem site B,main,47.049274,-84.399988,Wishart Lake
CHL0330,ST095,1998-08-17,2,NA,1000,9.6,0,0.073,0.019,0.017,Composite Tube/Tube composite,7.78,8.04,mg/L,WB087,Buoy/Water chem site B,main,47.049274,-84.399988,Wishart Lake
CHL0331,ST097,1998-08-17,1,NA,1000,13.2,0.001,0.049,0.014,0.012,Composite Tube/Tube composite,7.02,7.26,mg/L,WB087,Water chem site A,additional,47.050943,-84.401391,Wishart Lake
CHL0332,ST097,1998-08-17,2,NA,1000,10.2,0.003,0.062,0.017,0.014,Composite Tube/Tube composite,6.71,6.92,mg/L,WB087,Water chem site A,additional,47.050943,-84.401391,Wishart Lake
CHL0333,ST066,1998-08-17,1,NA,1000,9.3,0.003,0.039,0.014,0.011,Composite Tube/Tube composite,3.68,3.82,mg/L,NA,Water chem site A,additional,47.25194444,-83.86722222,Little Turkey Lake
CHL0334,ST066,1998-08-17,2,NA,1000,13.4,0.001,0.014,0.005,0.003,Composite Tube/Tube composite,1.91,1.98,mg/L,NA,Water chem site A,additional,47.25194444,-83.86722222,Little Turkey Lake
CHL0335,ST065,1998-08-17,1,NA,1000,13.9,0.002,0.011,0.005,0.004,Composite Tube/Tube composite,1.37,1.42,mg/L,NA,Center Buoy/Water chem site B,main,47.043396,-84.408613,Little Turkey Lake
CHL0336,ST065,1998-08-17,2,NA,1000,13,0.001,0.012,0.004,0.003,Composite Tube/Tube composite,1.58,1.64,mg/L,NA,Center Buoy/Water chem site B,main,47.043396,-84.408613,Little Turkey Lake
CHL0337,ST067,1998-08-17,1,NA,1000,10.3,0.002,0.016,0.006,0.004,Composite Tube/Tube composite,1.59,1.65,mg/L,NA,Water chem site C,additional,47.041501,-84.409174,Little Turkey Lake
CHL0338,ST067,1998-08-17,2,NA,800,11,0.001,0.01,0.003,0.002,Composite Tube/Tube composite,1.38,1.43,mg/L,NA,Water chem site C,additional,47.041501,-84.409174,Little Turkey Lake
CHL0339,ST079,1998-08-18,1,NA,1000,11.1,0,0.017,0.005,0.003,Composite Tube/Tube composite,2.08,2.15,mg/L,WB075,Center Buoy/Water chem site B,main,46.73133333,-84.22058333,Quinn Lake
CHL0340,ST069,1998-09-02,1,NA,1000,10.8,0.002,0.011,0.004,0.002,Composite Tube/Tube composite,1.08,1.12,mg/L,WB066,Water chem site C,additional,47.062728,-84.388918,Lower Batchawana Lake
CHL0341,ST069,1998-09-02,2,NA,1000,10.6,0.003,0.014,0.007,0.005,Composite Tube/Tube composite,1.27,1.32,mg/L,WB066,Water chem site C,additional,47.062728,-84.388918,Lower Batchawana Lake
CHL0342,ST068,1998-09-02,1,NA,1000,12,0.001,0.01,0.004,0.002,Composite Tube/Tube composite,1.18,1.23,mg/L,WB066,Center Buoy/Water chem site B,main,47.06338,-84.390411,Lower Batchawana Lake
CHL0343,ST068,1998-09-02,2,NA,1000,10.3,0.001,0.014,0.004,0.002,Composite Tube/Tube composite,1.49,1.54,mg/L,WB066,Center Buoy/Water chem site B,main,47.06338,-84.390411,Lower Batchawana Lake
CHL0344,ST070,1998-09-02,1,NA,1000,10.8,0.002,0.013,0.004,0.003,Composite Tube/Tube composite,1.34,1.38,mg/L,WB066,Water chem site A,additional,47.064197,-84.392044,Lower Batchawana Lake
CHL0345,ST070,1998-09-02,2,NA,1000,12.8,0.002,0.011,0.004,0.003,Composite Tube/Tube composite,1.29,1.33,mg/L,WB066,Water chem site A,additional,47.064197,-84.392044,Lower Batchawana Lake
CHL0346,ST092,1998-09-02,1,NA,1000,13.1,0.004,0.06,0.019,0.015,Composite Tube/Tube composite,8.13,8.4,mg/L,WB085,Water chem site C,additional,47.065874,-84.39364,Upper Batchawana Lake
CHL0347,ST092,1998-09-02,2,NA,1000,11,0.004,0.016,0.006,0.005,Composite Tube/Tube composite,1.49,1.53,mg/L,WB085,Water chem site C,additional,47.065874,-84.39364,Upper Batchawana Lake
CHL0348,ST091,1998-09-02,1,NA,1000,10.9,0.001,0.018,0.006,0.007,Composite Tube/Tube composite,2.05,2.12,mg/L,WB085,Center Buoy/Water chem site B,main,47.066412,-84.394125,Upper Batchawana Lake
CHL0349,ST091,1998-09-02,2,NA,1000,10.4,0.002,0.015,0.006,0.004,Composite Tube/Tube composite,1.49,1.54,mg/L,WB085,Center Buoy/Water chem site B,main,47.066412,-84.394125,Upper Batchawana Lake
CHL0350,ST096,1998-09-02,1,NA,1000,9,0.002,0.061,0.015,0.015,Composite Tube/Tube composite,5.94,6.12,mg/L,WB087,Water chem site C,additional,47.047952,-84.394833,Wishart Lake
CHL0351,ST096,1998-09-02,2,1,500,11.8,0.005,0.031,0.01,0.01,Composite Tube/Tube composite,6.9,7.1,mg/L,WB087,Water chem site C,additional,47.047952,-84.394833,Wishart Lake
CHL0352,ST096,1998-09-02,2,2,500,12.8,0.003,0.028,0.008,0.008,Composite Tube/Tube composite,7.19,7.4,mg/L,WB087,Water chem site C,additional,47.047952,-84.394833,Wishart Lake
CHL0353,ST093,1998-09-02,1,NA,1000,10.3,0.001,0.015,0.004,0.005,Composite Tube/Tube composite,1.62,1.66,mg/L,WB085,Water chem site A,additional,47.067218,-84.395036,Upper Batchawana Lake
CHL0354,ST093,1998-09-02,2,NA,1000,9.5,0.002,0.018,0.006,0.004,Composite Tube/Tube composite,1.69,1.74,mg/L,WB085,Water chem site A,additional,47.067218,-84.395036,Upper Batchawana Lake
CHL0355,ST095,1998-09-02,1,NA,1000,12,0.003,0.052,0.014,0.014,Composite Tube/Tube composite,6.57,6.78,mg/L,WB087,Buoy/Water chem site B,main,47.049274,-84.399988,Wishart Lake
CHL0356,ST095,1998-09-02,2,NA,1000,10.7,0.002,0.056,0.014,0.013,Composite Tube/Tube composite,6.46,6.66,mg/L,WB087,Buoy/Water chem site B,main,47.049274,-84.399988,Wishart Lake
CHL0357,ST097,1998-09-02,1,NA,1000,11.1,0.002,0.055,0.016,0.015,Composite Tube/Tube composite,6.53,6.74,mg/L,WB087,Water chem site A,additional,47.050943,-84.401391,Wishart Lake
CHL0358,ST097,1998-09-02,2,NA,1000,10.5,0.001,0.059,0.016,0.014,Composite Tube/Tube composite,6.76,6.99,mg/L,WB087,Water chem site A,additional,47.050943,-84.401391,Wishart Lake
CHL0359,ST066,1998-09-02,1,NA,1000,11.6,0.002,0.017,0.007,0.005,Composite Tube/Tube composite,1.9,1.98,mg/L,NA,Water chem site A,additional,47.25194444,-83.86722222,Little Turkey Lake
CHL0360,ST066,1998-09-02,2,NA,1000,14.1,0.002,0.017,0.007,0.008,Composite Tube/Tube composite,2.32,2.4,mg/L,NA,Water chem site A,additional,47.25194444,-83.86722222,Little Turkey Lake
CHL0361,ST065,1998-09-02,1,NA,1000,11.2,0.01,0.027,0.014,0.013,Composite Tube/Tube composite,2.12,2.19,mg/L,NA,Center Buoy/Water chem site B,main,47.043396,-84.408613,Little Turkey Lake
CHL0362,ST065,1998-09-02,2,NA,1000,11.5,0.001,0.017,0.005,0.004,Composite Tube/Tube composite,2.05,2.11,mg/L,NA,Center Buoy/Water chem site B,main,47.043396,-84.408613,Little Turkey Lake
CHL0363,ST067,1998-09-02,1,NA,1000,11,0.004,0.02,0.008,0.006,Composite Tube/Tube composite,1.96,2.02,mg/L,NA,Water chem site C,additional,47.041501,-84.409174,Little Turkey Lake
CHL0364,ST067,1998-09-02,2,NA,1000,12.8,0.004,0.019,0.008,0.008,Composite Tube/Tube composite,2.13,2.2,mg/L,NA,Water chem site C,additional,47.041501,-84.409174,Little Turkey Lake
CHL0365,ST079,1998-09-03,1,NA,1000,11.7,0.001,0.025,0.007,0.006,Composite Tube/Tube composite,3.12,3.22,mg/L,WB075,Center Buoy/Water chem site B,main,46.73133333,-84.22058333,Quinn Lake
CHL0366,ST079,1998-09-03,2,NA,1000,9.5,0.013,0.045,0.025,0.024,Composite Tube/Tube composite,3.3,3.44,mg/L,WB075,Center Buoy/Water chem site B,main,46.73133333,-84.22058333,Quinn Lake
CHL0367,ST080,1998-09-03,1,NA,1000,13.2,0.009,0.034,0.017,0.015,Composite Tube/Tube composite,3.62,3.75,mg/L,WB075,Water chem site A,additional,46.730039,-84.22286,Quinn Lake
CHL0368,ST080,1998-09-03,2,NA,1000,10.2,0.004,0.036,0.01,0.01,Composite Tube/Tube composite,3.67,3.78,mg/L,WB075,Water chem site A,additional,46.730039,-84.22286,Quinn Lake
CHL0369,ST081,1998-09-03,1,NA,1000,10.5,0.001,0.033,0.009,0.008,Composite Tube/Tube composite,3.74,3.86,mg/L,WB075,Water chem site C,additional,46.731395,-84.222902,Quinn Lake
CHL0370,ST081,1998-09-03,2,NA,1000,9.8,0.001,0.033,0.009,0.008,Composite Tube/Tube composite,3.49,3.6,mg/L,WB075,Water chem site C,additional,46.731395,-84.222902,Quinn Lake
CHL0371,ST079,1998-09-14,1,NA,1000,11.8,0,0.028,0.007,0.006,Composite Tube/Tube composite,3.67,3.79,mg/L,WB075,Center Buoy/Water chem site B,main,46.73133333,-84.22058333,Quinn Lake
CHL0372,ST079,1998-09-14,2,NA,1000,9.3,0.002,0.037,0.012,0.01,Composite Tube/Tube composite,3.6,3.72,mg/L,WB075,Center Buoy/Water chem site B,main,46.73133333,-84.22058333,Quinn Lake
CHL0373,ST080,1998-09-14,1,NA,1000,10.3,0.002,0.041,0.013,0.014,Composite Tube/Tube composite,4.44,4.6,mg/L,WB075,Water chem site A,additional,46.730039,-84.22286,Quinn Lake
CHL0374,ST080,1998-09-14,2,NA,1000,9.6,0.001,0.042,0.011,0.01,Composite Tube/Tube composite,4.38,4.52,mg/L,WB075,Water chem site A,additional,46.730039,-84.22286,Quinn Lake
CHL0375,ST081,1998-09-14,1,NA,1000,11.3,0.001,0.038,0.009,0.009,Composite Tube/Tube composite,4.68,4.82,mg/L,WB075,Water chem site C,additional,46.731395,-84.222902,Quinn Lake
CHL0376,ST081,1998-09-14,2,NA,1000,12.8,0.001,0.03,0.008,0.005,Composite Tube/Tube composite,4.13,4.26,mg/L,WB075,Water chem site C,additional,46.731395,-84.222902,Quinn Lake
CHL0377,ST069,1998-09-15,2,NA,980,13.2,0.002,0.012,0.005,0.005,Composite Tube/Tube composite,1.48,1.54,mg/L,WB066,Water chem site C,additional,47.062728,-84.388918,Lower Batchawana Lake
CHL0378,ST070,1998-09-15,1,NA,1000,12.8,0.001,0.011,0.003,0.002,Composite Tube/Tube composite,1.44,1.48,mg/L,WB066,Water chem site A,additional,47.064197,-84.392044,Lower Batchawana Lake
CHL0379,ST070,1998-09-15,2,NA,1000,12,0.004,0.013,0.006,0.004,Composite Tube/Tube composite,1.21,1.24,mg/L,WB066,Water chem site A,additional,47.064197,-84.392044,Lower Batchawana Lake
CHL0380,ST092,1998-09-15,1,NA,1000,9.2,0,0.031,0.011,0.007,Composite Tube/Tube composite,3.11,3.23,mg/L,WB085,Water chem site C,additional,47.065874,-84.39364,Upper Batchawana Lake
CHL0381,ST091,1998-09-15,1,NA,1000,9.9,0.001,0.012,0.004,0.004,Composite Tube/Tube composite,1.21,1.25,mg/L,WB085,Center Buoy/Water chem site B,main,47.066412,-84.394125,Upper Batchawana Lake
CHL0382,ST091,1998-09-15,2,NA,1000,10.4,0.001,0.01,0.006,0.004,Composite Tube/Tube composite,0.98,1.03,mg/L,WB085,Center Buoy/Water chem site B,main,47.066412,-84.394125,Upper Batchawana Lake
CHL0383,ST093,1998-09-15,1,NA,1000,9.5,0.001,0.012,0.007,0.004,Composite Tube/Tube composite,1.1,1.15,mg/L,WB085,Water chem site A,additional,47.067218,-84.395036,Upper Batchawana Lake
CHL0384,ST093,1998-09-15,2,NA,1000,10.9,0.002,0.013,0.004,0.004,Composite Tube/Tube composite,1.35,1.39,mg/L,WB085,Water chem site A,additional,47.067218,-84.395036,Upper Batchawana Lake
CHL0385,ST096,1998-09-16,1,1,500,12.2,0.001,0.02,0.006,0.005,Composite Tube/Tube composite,5.14,5.31,mg/L,WB087,Water chem site C,additional,47.047952,-84.394833,Wishart Lake
CHL0386,ST096,1998-09-16,1,2,500,10.8,0.002,0.022,0.006,0.005,Composite Tube/Tube composite,4.85,4.99,mg/L,WB087,Water chem site C,additional,47.047952,-84.394833,Wishart Lake
CHL0387,ST096,1998-09-16,2,1,500,12.3,0.001,0.02,0.01,0.01,Composite Tube/Tube composite,4.98,5.22,mg/L,WB087,Water chem site C,additional,47.047952,-84.394833,Wishart Lake
CHL0388,ST096,1998-09-16,2,2,500,9,0,0.026,0.007,0.006,Composite Tube/Tube composite,5.19,5.36,mg/L,WB087,Water chem site C,additional,47.047952,-84.394833,Wishart Lake
CHL0389,ST095,1998-09-16,1,1,500,10.3,0,0.024,0.006,0.005,Composite Tube/Tube composite,5.5,5.68,mg/L,WB087,Buoy/Water chem site B,main,47.049274,-84.399988,Wishart Lake
CHL0390,ST095,1998-09-16,1,2,500,12,0.001,0.022,0.006,0.006,Composite Tube/Tube composite,5.62,5.8,mg/L,WB087,Buoy/Water chem site B,main,47.049274,-84.399988,Wishart Lake
CHL0391,ST095,1998-09-16,2,1,500,10.6,0.002,0.024,0.006,0.005,Composite Tube/Tube composite,5.25,5.4,mg/L,WB087,Buoy/Water chem site B,main,47.049274,-84.399988,Wishart Lake
CHL0392,ST095,1998-09-16,2,2,500,10.4,0.002,0.022,0.009,0.008,Composite Tube/Tube composite,4.54,4.72,mg/L,WB087,Buoy/Water chem site B,main,47.049274,-84.399988,Wishart Lake
CHL0393,ST097,1998-09-16,1,1,500,11,0.001,0.031,0.009,0.007,Composite Tube/Tube composite,7.32,7.56,mg/L,WB087,Water chem site A,additional,47.050943,-84.401391,Wishart Lake
CHL0394,ST097,1998-09-16,1,2,500,13.5,0.001,0.018,0.005,0.005,Composite Tube/Tube composite,5.12,5.28,mg/L,WB087,Water chem site A,additional,47.050943,-84.401391,Wishart Lake
CHL0395,ST097,1998-09-16,2,1,500,12.1,0.01,0.036,0.016,0.014,Composite Tube/Tube composite,7.02,7.24,mg/L,WB087,Water chem site A,additional,47.050943,-84.401391,Wishart Lake
CHL0396,ST097,1998-09-16,2,2,500,10.2,0.001,0.026,0.007,0.006,Composite Tube/Tube composite,5.68,5.86,mg/L,WB087,Water chem site A,additional,47.050943,-84.401391,Wishart Lake
CHL0397,ST066,1998-09-17,1,NA,1000,11.7,0,0.016,0.004,0.002,Composite Tube/Tube composite,2.08,2.15,mg/L,NA,Water chem site A,additional,47.25194444,-83.86722222,Little Turkey Lake
CHL0398,ST066,1998-09-17,2,NA,1000,12,0,0.018,0.004,0.003,Composite Tube/Tube composite,2.41,2.49,mg/L,NA,Water chem site A,additional,47.25194444,-83.86722222,Little Turkey Lake
CHL0399,ST065,1998-09-17,1,NA,1000,14.5,0.002,0.017,0.007,0.011,Composite Tube/Tube composite,2.39,2.48,mg/L,NA,Center Buoy/Water chem site B,main,47.043396,-84.408613,Little Turkey Lake
CHL0400,ST065,1998-09-17,2,NA,1000,11.7,0,0.016,0.002,0.003,Composite Tube/Tube composite,2.13,2.19,mg/L,NA,Center Buoy/Water chem site B,main,47.043396,-84.408613,Little Turkey Lake
CHL0401,ST067,1998-09-17,1,NA,1000,10,0.002,0.022,0.006,0.006,Composite Tube/Tube composite,2.25,2.31,mg/L,NA,Water chem site C,additional,47.041501,-84.409174,Little Turkey Lake
CHL0402,ST067,1998-09-17,2,NA,1000,10.9,0.001,0.019,0.003,0.004,Composite Tube/Tube composite,2.24,2.29,mg/L,NA,Water chem site C,additional,47.041501,-84.409174,Little Turkey Lake
CHL0403,ST096,1998-10-05,2,NA,1000,9,0.002,0.088,0.025,0.022,NA,8.58,8.87,mg/L,WB087,Water chem site C,additional,47.047952,-84.394833,Wishart Lake
CHL0404,ST095,1998-10-05,1,NA,1000,9.2,0.001,0.087,0.025,0.022,NA,8.75,9.05,mg/L,WB087,Buoy/Water chem site B,main,47.049274,-84.399988,Wishart Lake
CHL0405,ST095,1998-10-05,2,NA,1000,10.4,0.003,0.076,0.02,0.019,NA,8.47,8.74,mg/L,WB087,Buoy/Water chem site B,main,47.049274,-84.399988,Wishart Lake
CHL0406,ST097,1998-10-05,1,NA,1000,9.7,0.003,0.074,0.022,0.019,NA,7.63,7.89,mg/L,WB087,Water chem site A,additional,47.050943,-84.401391,Wishart Lake
CHL0407,ST097,1998-10-05,2,NA,1000,9.3,0.003,0.083,0.025,0.021,NA,8.23,8.51,mg/L,WB087,Water chem site A,additional,47.050943,-84.401391,Wishart Lake
CHL0408,ST066,1998-10-05,1,NA,1000,12.3,0.001,0.017,0.005,0.005,NA,2.19,2.26,mg/L,NA,Water chem site A,additional,47.25194444,-83.86722222,Little Turkey Lake
CHL0409,ST066,1998-10-05,2,NA,1000,12.6,0.001,0.016,0.007,0.006,NA,2.04,2.13,mg/L,NA,Water chem site A,additional,47.25194444,-83.86722222,Little Turkey Lake
CHL0410,ST067,1998-10-05,1,NA,1000,11,0.001,0.07,0.019,0.018,NA,8.43,8.7,mg/L,NA,Water chem site C,additional,47.041501,-84.409174,Little Turkey Lake
CHL0411,ST067,1998-10-05,2,NA,1000,9.9,0.001,0.022,0.006,0.006,NA,2.32,2.39,mg/L,NA,Water chem site C,additional,47.041501,-84.409174,Little Turkey Lake
CHL0412,ST079,1998-10-06,2,NA,1000,9.4,0.003,0.043,0.013,0.012,Composite Tube/Tube composite,4.18,4.32,mg/L,WB075,Center Buoy/Water chem site B,main,46.73133333,-84.22058333,Quinn Lake
CHL0413,ST080,1998-10-06,1,NA,1000,9.5,0.006,0.044,0.019,0.018,Composite Tube/Tube composite,3.95,4.1,mg/L,WB075,Water chem site A,additional,46.730039,-84.22286,Quinn Lake
CHL0414,ST080,1998-10-06,2,NA,1000,9.5,0.006,0.046,0.02,0.02,Composite Tube/Tube composite,4.15,4.31,mg/L,WB075,Water chem site A,additional,46.730039,-84.22286,Quinn Lake
CHL0415,ST081,1998-10-06,1,NA,1000,8.8,0.003,0.038,0.011,0.01,Composite Tube/Tube composite,3.44,3.55,mg/L,WB075,Water chem site C,additional,46.731395,-84.222902,Quinn Lake
CHL0416,ST081,1998-10-06,2,NA,1000,9.6,0.002,0.032,0.011,0.01,Composite Tube/Tube composite,3.17,3.29,mg/L,WB075,Water chem site C,additional,46.731395,-84.222902,Quinn Lake
CHL0417,ST069,1998-10-06,1,NA,1000,9.5,0.01,0.02,0.012,0.012,Composite Tube/Tube composite,1.07,1.1,mg/L,WB066,Water chem site C,additional,47.062728,-84.388918,Lower Batchawana Lake
CHL0418,ST069,1998-10-06,2,NA,1000,9.8,0.004,0.015,0.008,0.009,Composite Tube/Tube composite,1.18,1.22,mg/L,WB066,Water chem site C,additional,47.062728,-84.388918,Lower Batchawana Lake
CHL0419,ST068,1998-10-06,1,NA,1000,9.8,0.004,0.015,0.007,0.007,Composite Tube/Tube composite,1.19,1.23,mg/L,WB066,Center Buoy/Water chem site B,main,47.06338,-84.390411,Lower Batchawana Lake
CHL0420,ST068,1998-10-06,2,NA,1000,11,0.003,0.009,0.004,0.002,Composite Tube/Tube composite,0.74,0.76,mg/L,WB066,Center Buoy/Water chem site B,main,47.06338,-84.390411,Lower Batchawana Lake
CHL0421,ST070,1998-10-06,1,NA,1000,10.8,0.002,0.008,0.004,0.002,Composite Tube/Tube composite,0.71,0.73,mg/L,WB066,Water chem site A,additional,47.064197,-84.392044,Lower Batchawana Lake
CHL0422,ST070,1998-10-06,2,NA,1000,14.5,0.006,0.013,0.009,0.009,Composite Tube/Tube composite,1.09,1.14,mg/L,WB066,Water chem site A,additional,47.064197,-84.392044,Lower Batchawana Lake
CHL0423,ST092,1998-10-06,1,NA,1000,11.1,0.003,0.009,0.005,0.003,Composite Tube/Tube composite,0.73,0.76,mg/L,WB085,Water chem site C,additional,47.065874,-84.39364,Upper Batchawana Lake
CHL0424,ST092,1998-10-06,2,NA,1000,9,0.002,0.012,0.004,0.002,Composite Tube/Tube composite,1.01,1.04,mg/L,WB085,Water chem site C,additional,47.065874,-84.39364,Upper Batchawana Lake
CHL0425,ST091,1998-10-06,1,NA,1000,10.1,0.002,0.011,0.004,0.004,Composite Tube/Tube composite,1.02,1.05,mg/L,WB085,Center Buoy/Water chem site B,main,47.066412,-84.394125,Upper Batchawana Lake
CHL0426,ST091,1998-10-06,2,NA,1000,9.3,0.001,0.011,0.005,0.004,Composite Tube/Tube composite,1,1.05,mg/L,WB085,Center Buoy/Water chem site B,main,47.066412,-84.394125,Upper Batchawana Lake
CHL0427,ST093,1998-10-06,1,NA,1000,10,0.004,0.017,0.007,0.008,Composite Tube/Tube composite,1.45,1.5,mg/L,WB085,Water chem site A,additional,47.067218,-84.395036,Upper Batchawana Lake
CHL0428,ST093,1998-10-06,2,NA,1000,10.9,0.002,0.009,0.003,0.003,Composite Tube/Tube composite,0.87,0.89,mg/L,WB085,Water chem site A,additional,47.067218,-84.395036,Upper Batchawana Lake
CHL0429,ST065,1998-10-06,1,NA,1000,9.5,0.003,0.021,0.007,0.006,Composite Tube/Tube composite,1.91,1.97,mg/L,NA,Center Buoy/Water chem site B,main,47.043396,-84.408613,Little Turkey Lake
CHL0430,ST065,1998-10-06,2,NA,1000,9.5,0.003,0.023,0.008,0.007,Composite Tube/Tube composite,2.11,2.18,mg/L,NA,Center Buoy/Water chem site B,main,47.043396,-84.408613,Little Turkey Lake
CHL0431,ST067,1998-10-06,2,NA,1000,12.5,0,0.016,0.005,0.005,Composite Tube/Tube composite,2.2,2.28,mg/L,NA,Water chem site C,additional,47.041501,-84.409174,Little Turkey Lake
CHL0432,ST069,1998-11-04,1,NA,1000,9.4,0.002,0.008,0.003,0.002,Composite Tube/Tube composite,0.64,0.65,mg/L,WB066,Water chem site C,additional,47.062728,-84.388918,Lower Batchawana Lake
CHL0433,ST069,1998-11-04,2,NA,1000,10.9,0.003,0.012,0.004,0.003,Composite Tube/Tube composite,1.12,1.15,mg/L,WB066,Water chem site C,additional,47.062728,-84.388918,Lower Batchawana Lake
CHL0434,ST068,1998-11-04,2,NA,1000,9.6,0.001,0.008,0.004,0.002,Composite Tube/Tube composite,0.72,0.75,mg/L,WB066,Center Buoy/Water chem site B,main,47.06338,-84.390411,Lower Batchawana Lake
CHL0435,ST068,1998-11-04,1,NA,1000,9.2,0.001,0.007,0.003,0.002,Composite Tube/Tube composite,0.6,0.63,mg/L,WB066,Center Buoy/Water chem site B,main,47.06338,-84.390411,Lower Batchawana Lake
CHL0436,ST070,1998-11-04,1,NA,1000,9.7,0.001,0.004,0.002,0.002,Composite Tube/Tube composite,0.32,0.33,mg/L,WB066,Water chem site A,additional,47.064197,-84.392044,Lower Batchawana Lake
CHL0437,ST070,1998-11-04,2,NA,1000,11.5,0.001,0.007,0.001,0,Composite Tube/Tube composite,0.8,0.82,mg/L,WB066,Water chem site A,additional,47.064197,-84.392044,Lower Batchawana Lake
CHL0438,ST091,1998-11-04,1,NA,1000,9.3,0.004,0.014,0.006,0.008,Composite Tube/Tube composite,1.05,1.08,mg/L,WB085,Center Buoy/Water chem site B,main,47.066412,-84.394125,Upper Batchawana Lake
CHL0439,ST091,1998-11-04,2,NA,1000,10.1,0.003,0.012,0.003,0.002,Composite Tube/Tube composite,1.06,1.08,mg/L,WB085,Center Buoy/Water chem site B,main,47.066412,-84.394125,Upper Batchawana Lake
CHL0440,ST096,1998-11-04,1,NA,1000,10,0.01,0.045,0.023,0.023,Composite Tube/Tube composite,3.81,3.96,mg/L,WB087,Water chem site C,additional,47.047952,-84.394833,Wishart Lake
CHL0441,ST096,1998-11-04,2,NA,1000,9.1,0.003,0.063,0.018,0.016,Composite Tube/Tube composite,6.07,6.27,mg/L,WB087,Water chem site C,additional,47.047952,-84.394833,Wishart Lake
CHL0442,ST093,1998-11-04,1,NA,1000,11.1,0.018,0.03,0.022,0.02,Composite Tube/Tube composite,1.46,1.51,mg/L,WB085,Water chem site A,additional,47.067218,-84.395036,Upper Batchawana Lake
CHL0443,ST093,1998-11-04,2,NA,1000,10.6,0,0.008,0.002,0,Composite Tube/Tube composite,0.94,0.97,mg/L,WB085,Water chem site A,additional,47.067218,-84.395036,Upper Batchawana Lake
CHL0444,ST095,1998-11-04,1,NA,1000,9.4,0.002,0.058,0.015,0.015,Composite Tube/Tube composite,5.88,6.06,mg/L,WB087,Buoy/Water chem site B,main,47.049274,-84.399988,Wishart Lake
CHL0445,ST095,1998-11-04,2,NA,1000,12.7,0.004,0.047,0.015,0.014,Composite Tube/Tube composite,6.07,6.27,mg/L,WB087,Buoy/Water chem site B,main,47.049274,-84.399988,Wishart Lake
CHL0446,ST097,1998-11-04,1,NA,1000,10.2,0,0.047,0.013,0.011,Composite Tube/Tube composite,5.31,5.49,mg/L,WB087,Water chem site A,additional,47.050943,-84.401391,Wishart Lake
CHL0447,ST097,1998-11-04,2,NA,1000,11.4,0.005,0.042,0.016,0.016,Composite Tube/Tube composite,4.65,4.82,mg/L,WB087,Water chem site A,additional,47.050943,-84.401391,Wishart Lake
CHL0448,ST066,1998-11-04,1,NA,1000,10.5,0,0.015,0.004,0.003,Composite Tube/Tube composite,1.75,1.8,mg/L,NA,Water chem site A,additional,47.25194444,-83.86722222,Little Turkey Lake
CHL0449,ST066,1998-11-04,2,NA,1000,9.5,0,0.016,0.005,0.004,Composite Tube/Tube composite,1.67,1.73,mg/L,NA,Water chem site A,additional,47.25194444,-83.86722222,Little Turkey Lake
CHL0450,ST065,1998-11-04,2,NA,1000,10.4,0,0.014,0.004,0.004,Composite Tube/Tube composite,1.61,1.66,mg/L,NA,Center Buoy/Water chem site B,main,47.043396,-84.408613,Little Turkey Lake
CHL0451,ST065,1998-11-04,1,NA,1000,10,0,0.014,0.004,0.003,Composite Tube/Tube composite,1.55,1.6,mg/L,NA,Center Buoy/Water chem site B,main,47.043396,-84.408613,Little Turkey Lake
CHL0452,ST067,1998-11-04,1,NA,1000,10.3,0,0.016,0.006,0.005,Composite Tube/Tube composite,1.79,1.86,mg/L,NA,Water chem site C,additional,47.041501,-84.409174,Little Turkey Lake
CHL0453,ST067,1998-11-04,2,NA,1000,9.5,0.002,0.015,0.004,0.004,Composite Tube/Tube composite,1.4,1.44,mg/L,NA,Water chem site C,additional,47.041501,-84.409174,Little Turkey Lake
CHL0454,ST079,1998-11-12,1,NA,1000,9.5,0.002,0.106,0.025,0.025,Composite Tube/Tube composite,11.05,11.39,mg/L,WB075,Center Buoy/Water chem site B,main,46.73133333,-84.22058333,Quinn Lake
CHL0455,ST079,1998-11-12,2,NA,1000,10.8,0.002,0.09,0.024,0.021,Composite Tube/Tube composite,10.57,10.91,mg/L,WB075,Center Buoy/Water chem site B,main,46.73133333,-84.22058333,Quinn Lake
CHL0456,ST080,1998-11-12,1,NA,1000,9.6,0.002,0.112,0.029,0.026,Composite Tube/Tube composite,11.76,12.13,mg/L,WB075,Water chem site A,additional,46.730039,-84.22286,Quinn Lake
CHL0457,ST080,1998-11-12,2,NA,1000,9.9,0.002,0.11,0.028,0.026,Composite Tube/Tube composite,11.91,12.29,mg/L,WB075,Water chem site A,additional,46.730039,-84.22286,Quinn Lake
CHL0458,ST081,1998-11-12,1,NA,1000,9.6,0.002,0.105,0.027,0.024,Composite Tube/Tube composite,11.01,11.36,mg/L,WB075,Water chem site C,additional,46.731395,-84.222902,Quinn Lake
CHL0459,ST081,1998-11-12,2,NA,1000,12,0.001,0.077,0.02,0.017,Composite Tube/Tube composite,10.14,10.47,mg/L,WB075,Water chem site C,additional,46.731395,-84.222902,Quinn Lake
CHL0460,ST068,1999-02-23,1,NA,1000,10.7,0,0.004,0.001,0,Composite Tube/Tube composite,0.48,0.49,mg/L,WB066,Center Buoy/Water chem site B,main,47.06338,-84.390411,Lower Batchawana Lake
CHL0461,ST068,1999-02-23,2,NA,1000,13,0,0.002,0.001,0.001,Composite Tube/Tube composite,0.28,0.29,mg/L,WB066,Center Buoy/Water chem site B,main,47.06338,-84.390411,Lower Batchawana Lake
CHL0462,ST068,1999-02-23,3,NA,1000,12.3,0,0.002,0.001,0.001,Composite Tube/Tube composite,0.26,0.27,mg/L,WB066,Center Buoy/Water chem site B,main,47.06338,-84.390411,Lower Batchawana Lake
CHL0463,ST065,1999-02-23,1,NA,1000,11.2,0,0,0,0.001,Composite Tube/Tube composite,0,0,mg/L,NA,Center Buoy/Water chem site B,main,47.043396,-84.408613,Little Turkey Lake
CHL0464,ST065,1999-02-23,3,NA,1000,12.3,0.003,0.005,0.004,0.004,Composite Tube/Tube composite,0.26,0.27,mg/L,NA,Center Buoy/Water chem site B,main,47.043396,-84.408613,Little Turkey Lake
CHL0465,ST079,1999-03-03,1,NA,1000,12.1,0.001,0.016,0.009,0.01,Composite Tube/Tube composite,1.91,2.01,mg/L,WB075,Center Buoy/Water chem site B,main,46.73133333,-84.22058333,Quinn Lake
CHL0466,ST079,1999-03-03,2,NA,1000,11.6,0,0.02,0.006,0.006,Composite Tube/Tube composite,2.56,2.65,mg/L,WB075,Center Buoy/Water chem site B,main,46.73133333,-84.22058333,Quinn Lake
CHL0467,ST079,1999-03-03,3,NA,1000,9.9,0.001,0.026,0.007,0.006,Composite Tube/Tube composite,2.76,2.85,mg/L,WB075,Center Buoy/Water chem site B,main,46.73133333,-84.22058333,Quinn Lake
CHL0468,ST095,1999-04-28,1,NA,1000,13.7,0,0.007,0.002,0,Composite Tube/Tube composite,1.06,1.09,mg/L,WB087,Buoy/Water chem site B,main,47.049274,-84.399988,Wishart Lake
CHL0469,ST095,1999-04-28,2,NA,1000,12.5,0.001,0.009,0.003,0.001,Composite Tube/Tube composite,1.11,1.15,mg/L,WB087,Buoy/Water chem site B,main,47.049274,-84.399988,Wishart Lake
CHL0470,ST095,1999-04-28,3,NA,1000,13.1,0.001,0.01,0.004,0.003,Composite Tube/Tube composite,1.29,1.34,mg/L,WB087,Buoy/Water chem site B,main,47.049274,-84.399988,Wishart Lake
CHL0471,ST065,1999-04-28,1,NA,1000,12.8,0.002,0.014,0.006,0.003,Composite Tube/Tube composite,1.68,1.74,mg/L,NA,Center Buoy/Water chem site B,main,47.043396,-84.408613,Little Turkey Lake
CHL0472,ST065,1999-04-28,2,NA,1000,12.7,0.002,0.01,0.002,0.001,Composite Tube/Tube composite,1.18,1.2,mg/L,NA,Center Buoy/Water chem site B,main,47.043396,-84.408613,Little Turkey Lake
CHL0473,ST065,1999-04-28,3,NA,1000,13.6,0.001,0.011,0.003,0.002,Composite Tube/Tube composite,1.53,1.57,mg/L,NA,Center Buoy/Water chem site B,main,47.043396,-84.408613,Little Turkey Lake
CHL0474,ST065,1999-04-28,4,NA,1000,12.4,0,0.013,0.003,0.003,Composite Tube/Tube composite,1.8,1.86,mg/L,NA,Center Buoy/Water chem site B,main,47.043396,-84.408613,Little Turkey Lake
CHL0475,ST079,1999-05-06,1,NA,1000,9.9,0.003,0.061,0.019,0.018,Composite Tube/Tube composite,6.36,6.57,mg/L,WB075,Center Buoy/Water chem site B,main,46.73133333,-84.22058333,Quinn Lake
CHL0476,ST079,1999-05-06,2,NA,1000,10.1,0,0.046,0.013,0.012,Composite Tube/Tube composite,5.14,5.31,mg/L,WB075,Center Buoy/Water chem site B,main,46.73133333,-84.22058333,Quinn Lake
CHL0477,ST079,1999-05-06,3,NA,1000,9.2,0.001,0.057,0.015,0.015,Composite Tube/Tube composite,5.73,5.92,mg/L,WB075,Center Buoy/Water chem site B,main,46.73133333,-84.22058333,Quinn Lake
CHL0478,ST079,1999-05-06,4,NA,1000,11.5,0.001,0.049,0.014,0.014,Composite Tube/Tube composite,6.12,6.32,mg/L,WB075,Center Buoy/Water chem site B,main,46.73133333,-84.22058333,Quinn Lake
CHL0479,ST068,1999-05-06,1,NA,1000,11,0,0.023,0.006,0.005,Composite Tube/Tube composite,2.81,2.9,mg/L,WB066,Center Buoy/Water chem site B,main,47.06338,-84.390411,Lower Batchawana Lake
CHL0480,ST068,1999-05-06,2,NA,1000,13,0,0.021,0.006,0.004,Composite Tube/Tube composite,3.01,3.12,mg/L,WB066,Center Buoy/Water chem site B,main,47.06338,-84.390411,Lower Batchawana Lake
CHL0481,ST068,1999-05-06,3,NA,1000,13.6,0,0.017,0.004,0.002,Composite Tube/Tube composite,2.58,2.66,mg/L,WB066,Center Buoy/Water chem site B,main,47.06338,-84.390411,Lower Batchawana Lake
CHL0482,ST068,1999-05-06,4,NA,1000,11.4,0.001,0.015,0.004,0.003,Composite Tube/Tube composite,1.79,1.84,mg/L,WB066,Center Buoy/Water chem site B,main,47.06338,-84.390411,Lower Batchawana Lake
CHL0483,ST068,1999-05-18,1,NA,1000,9.6,0,0.011,0.003,0.001,Composite Tube/Tube composite,1.17,1.21,mg/L,WB066,Center Buoy/Water chem site B,main,47.06338,-84.390411,Lower Batchawana Lake
CHL0484,ST068,1999-05-18,2,NA,1000,10.5,0,0.01,0.001,0,Composite Tube/Tube composite,1.2,1.23,mg/L,WB066,Center Buoy/Water chem site B,main,47.06338,-84.390411,Lower Batchawana Lake
CHL0485,ST068,1999-05-18,3,NA,1000,9.7,0.001,0.01,0.004,0.002,Composite Tube/Tube composite,0.95,0.99,mg/L,WB066,Center Buoy/Water chem site B,main,47.06338,-84.390411,Lower Batchawana Lake
CHL0486,ST068,1999-05-18,4,NA,1000,10.3,0.002,0.011,0.005,0.004,Composite Tube/Tube composite,1.01,1.05,mg/L,WB066,Center Buoy/Water chem site B,main,47.06338,-84.390411,Lower Batchawana Lake
CHL0487,ST095,1999-05-18,1,NA,1000,9.9,0.003,0.027,0.01,0.007,Composite Tube/Tube composite,2.62,2.71,mg/L,WB087,Buoy/Water chem site B,main,47.049274,-84.399988,Wishart Lake
CHL0488,ST095,1999-05-18,2,NA,1000,10.5,0.001,0.031,0.009,0.007,Composite Tube/Tube composite,3.49,3.61,mg/L,WB087,Buoy/Water chem site B,main,47.049274,-84.399988,Wishart Lake
CHL0489,ST095,1999-05-18,3,NA,1000,10.2,0,0.033,0.009,0.007,Composite Tube/Tube composite,3.73,3.85,mg/L,WB087,Buoy/Water chem site B,main,47.049274,-84.399988,Wishart Lake
CHL0490,ST065,1999-05-18,1,NA,1000,9,0.004,0.018,0.007,0.006,Composite Tube/Tube composite,1.41,1.45,mg/L,NA,Center Buoy/Water chem site B,main,47.043396,-84.408613,Little Turkey Lake
CHL0491,ST065,1999-05-18,2,NA,1000,10.7,0,0.013,0.003,0.001,Composite Tube/Tube composite,1.55,1.6,mg/L,NA,Center Buoy/Water chem site B,main,47.043396,-84.408613,Little Turkey Lake
CHL0492,ST065,1999-05-18,3,NA,1000,10.8,0.001,0.013,0.004,0.002,Composite Tube/Tube composite,1.44,1.49,mg/L,NA,Center Buoy/Water chem site B,main,47.043396,-84.408613,Little Turkey Lake
CHL0493,ST065,1999-05-18,4,NA,1000,10,0.001,0.014,0.005,0.002,Composite Tube/Tube composite,1.43,1.48,mg/L,NA,Center Buoy/Water chem site B,main,47.043396,-84.408613,Little Turkey Lake
CHL0494,ST065,1999-05-25,1,NA,1000,9.3,0,0.022,0.006,0.005,Composite Tube/Tube composite,2.27,2.34,mg/L,NA,Center Buoy/Water chem site B,main,47.043396,-84.408613,Little Turkey Lake
CHL0495,ST065,1999-05-25,2,NA,1000,11.9,0.001,0.023,0.006,0.004,Composite Tube/Tube composite,2.92,3.01,mg/L,NA,Center Buoy/Water chem site B,main,47.043396,-84.408613,Little Turkey Lake
CHL0496,ST065,1999-05-25,3,NA,1000,10,0.008,0.031,0.015,0.012,Composite Tube/Tube composite,2.53,2.62,mg/L,NA,Center Buoy/Water chem site B,main,47.043396,-84.408613,Little Turkey Lake
CHL0497,ST068,1999-06-02,1,NA,1000,10.5,0,0.014,0.005,0.003,Composite Tube/Tube composite,1.6,1.66,mg/L,WB066,Center Buoy/Water chem site B,main,47.06338,-84.390411,Lower Batchawana Lake
CHL0498,ST068,1999-06-02,2,NA,1000,10.8,0,0.015,0.002,0.003,Composite Tube/Tube composite,1.84,1.89,mg/L,WB066,Center Buoy/Water chem site B,main,47.06338,-84.390411,Lower Batchawana Lake
CHL0499,ST068,1999-06-02,3,NA,1000,9.2,0.001,0.015,0.003,0.003,Composite Tube/Tube composite,1.46,1.5,mg/L,WB066,Center Buoy/Water chem site B,main,47.06338,-84.390411,Lower Batchawana Lake
CHL0500,ST068,1999-06-02,4,NA,1000,11.5,0.004,0.018,0.007,0.006,Composite Tube/Tube composite,1.8,1.86,mg/L,WB066,Center Buoy/Water chem site B,main,47.06338,-84.390411,Lower Batchawana Lake
CHL0501,ST065,1999-06-03,1,NA,1000,12,0.001,0.021,0.006,0.004,Composite Tube/Tube composite,2.67,2.75,mg/L,NA,Center Buoy/Water chem site B,main,47.043396,-84.408613,Little Turkey Lake
CHL0502,ST065,1999-06-03,2,NA,1000,11,0,0.021,0.005,0.003,Composite Tube/Tube composite,2.57,2.66,mg/L,NA,Center Buoy/Water chem site B,main,47.043396,-84.408613,Little Turkey Lake
CHL0503,ST065,1999-06-03,3,NA,1000,10.1,0.001,0.024,0.006,0.004,Composite Tube/Tube composite,2.6,2.68,mg/L,NA,Center Buoy/Water chem site B,main,47.043396,-84.408613,Little Turkey Lake
CHL0504,ST065,1999-06-03,4,NA,1000,10.7,0.001,0.016,0.003,0.003,Composite Tube/Tube composite,1.82,1.87,mg/L,NA,Center Buoy/Water chem site B,main,47.043396,-84.408613,Little Turkey Lake
CHL0505,ST079,1999-06-14,1,NA,1000,12.8,0.002,0.022,0.007,0.007,Composite Tube/Tube composite,2.85,2.94,mg/L,WB075,Center Buoy/Water chem site B,main,46.73133333,-84.22058333,Quinn Lake
CHL0506,ST079,1999-06-14,2,NA,1000,15.4,0.001,0.062,0.017,0.013,Composite Tube/Tube composite,10.42,10.77,mg/L,WB075,Center Buoy/Water chem site B,main,46.73133333,-84.22058333,Quinn Lake
CHL0507,ST079,1999-06-14,3,NA,1000,10.7,0.001,0.073,0.021,0.016,Composite Tube/Tube composite,8.52,8.81,mg/L,WB075,Center Buoy/Water chem site B,main,46.73133333,-84.22058333,Quinn Lake
CHL0508,ST079,1999-06-14,4,NA,1000,11.4,0.002,0.066,0.021,0.017,Composite Tube/Tube composite,8.04,8.33,mg/L,WB075,Center Buoy/Water chem site B,main,46.73133333,-84.22058333,Quinn Lake
CHL0509,ST079,1999-06-14,5,NA,1000,10.6,0.001,0.077,0.021,0.017,Composite Tube/Tube composite,8.94,9.23,mg/L,WB075,Center Buoy/Water chem site B,main,46.73133333,-84.22058333,Quinn Lake
CHL0510,ST095,1999-06-14,2,NA,975,9.8,0.013,0.04,0.021,0.02,Composite Tube/Tube composite,2.99,3.1,mg/L,WB087,Buoy/Water chem site B,main,47.049274,-84.399988,Wishart Lake
CHL0511,ST095,1999-06-14,3,NA,1000,12.4,0.001,0.021,0.005,0.005,Composite Tube/Tube composite,2.78,2.87,mg/L,WB087,Buoy/Water chem site B,main,47.049274,-84.399988,Wishart Lake
CHL0512,ST095,1999-06-14,4,NA,1000,10.6,0.001,0.028,0.008,0.007,Composite Tube/Tube composite,3.18,3.28,mg/L,WB087,Buoy/Water chem site B,main,47.049274,-84.399988,Wishart Lake
CHL0513,ST079,1999-06-25,1,NA,1000,12.8,0.002,0.051,0.014,0.012,NA,6.98,7.21,mg/L,WB075,Center Buoy/Water chem site B,main,46.73133333,-84.22058333,Quinn Lake
CHL0514,ST079,1999-06-25,2,NA,1000,12,0.001,0.041,0.012,0.011,NA,5.31,5.49,mg/L,WB075,Center Buoy/Water chem site B,main,46.73133333,-84.22058333,Quinn Lake
CHL0515,ST079,1999-06-25,3,NA,1000,10.4,0.002,0.051,0.015,0.012,NA,5.65,5.84,mg/L,WB075,Center Buoy/Water chem site B,main,46.73133333,-84.22058333,Quinn Lake
CHL0516,ST079,1999-06-28,1,NA,1000,11.8,0,0.053,0.015,0.012,Composite Tube/Tube composite,6.91,7.15,mg/L,WB075,Center Buoy/Water chem site B,main,46.73133333,-84.22058333,Quinn Lake
CHL0517,ST079,1999-06-28,2,NA,1000,10.9,0.003,0.059,0.019,0.016,Composite Tube/Tube composite,6.74,6.98,mg/L,WB075,Center Buoy/Water chem site B,main,46.73133333,-84.22058333,Quinn Lake
CHL0518,ST079,1999-06-28,3,NA,1000,10.9,0,0.055,0.016,0.012,Composite Tube/Tube composite,6.61,6.85,mg/L,WB075,Center Buoy/Water chem site B,main,46.73133333,-84.22058333,Quinn Lake
CHL0519,ST079,1999-06-28,4,NA,1000,9.9,0.014,0.076,0.031,0.027,Composite Tube/Tube composite,6.79,7.02,mg/L,WB075,Center Buoy/Water chem site B,main,46.73133333,-84.22058333,Quinn Lake
CHL0520,ST079,1999-06-28,5,NA,1000,9.1,0.001,0.018,0.007,0.005,Composite Tube/Tube composite,1.69,1.75,mg/L,WB075,Center Buoy/Water chem site B,main,46.73133333,-84.22058333,Quinn Lake
CHL0521,ST068,1999-06-28,1,NA,1000,11.5,0.002,0.015,0.005,0.005,Composite Tube/Tube composite,1.67,1.72,mg/L,WB066,Center Buoy/Water chem site B,main,47.06338,-84.390411,Lower Batchawana Lake
CHL0522,ST068,1999-06-28,2,NA,1000,10.5,0,0.02,0.005,0.005,Composite Tube/Tube composite,2.34,2.41,mg/L,WB066,Center Buoy/Water chem site B,main,47.06338,-84.390411,Lower Batchawana Lake
CHL0523,ST068,1999-06-28,3,NA,1000,10,0.001,0.023,0.009,0.008,Composite Tube/Tube composite,2.4,2.49,mg/L,WB066,Center Buoy/Water chem site B,main,47.06338,-84.390411,Lower Batchawana Lake
CHL0524,ST068,1999-06-28,4,NA,1000,10.8,0.001,0.024,0.009,0.008,Composite Tube/Tube composite,2.71,2.82,mg/L,WB066,Center Buoy/Water chem site B,main,47.06338,-84.390411,Lower Batchawana Lake
CHL0525,ST095,1999-06-29,1,NA,1000,10.3,0.001,0.035,0.01,0.007,Composite Tube/Tube composite,3.88,4.01,mg/L,WB087,Buoy/Water chem site B,main,47.049274,-84.399988,Wishart Lake
CHL0526,ST095,1999-06-29,2,NA,1000,10.4,0.002,0.067,0.021,0.015,Composite Tube/Tube composite,7.46,7.72,mg/L,WB087,Buoy/Water chem site B,main,47.049274,-84.399988,Wishart Lake
CHL0527,ST095,1999-06-29,3,NA,1000,10.7,0.011,0.06,0.025,0.021,Composite Tube/Tube composite,5.79,5.99,mg/L,WB087,Buoy/Water chem site B,main,47.049274,-84.399988,Wishart Lake
CHL0528,ST095,1999-06-29,4,NA,1000,12.9,0.003,0.041,0.013,0.01,Composite Tube/Tube composite,5.44,5.62,mg/L,WB087,Buoy/Water chem site B,main,47.049274,-84.399988,Wishart Lake
CHL0529,ST065,1999-06-29,1,NA,1000,11.3,0.001,0.01,0.003,0.002,Composite Tube/Tube composite,1.14,1.17,mg/L,NA,Center Buoy/Water chem site B,main,47.043396,-84.408613,Little Turkey Lake
CHL0530,ST065,1999-06-29,2,NA,1000,10.2,0.001,0.014,0.004,0.003,Composite Tube/Tube composite,1.48,1.53,mg/L,NA,Center Buoy/Water chem site B,main,47.043396,-84.408613,Little Turkey Lake
CHL0531,ST065,1999-06-29,3,NA,1000,10.5,0.001,0.011,0.003,0.002,Composite Tube/Tube composite,1.18,1.21,mg/L,NA,Center Buoy/Water chem site B,main,47.043396,-84.408613,Little Turkey Lake
CHL0532,ST065,1999-06-29,4,NA,1000,12.3,0.001,0.013,0.004,0.004,Composite Tube/Tube composite,1.64,1.7,mg/L,NA,Center Buoy/Water chem site B,main,47.043396,-84.408613,Little Turkey Lake
CHL0533,ST079,1999-07-26,1,NA,1000,10.3,0.001,0.046,0.013,0.01,NA,5.14,5.31,mg/L,WB075,Center Buoy/Water chem site B,main,46.73133333,-84.22058333,Quinn Lake
CHL0534,ST079,1999-07-26,2,NA,1000,14.2,0,0.024,0.006,0.005,NA,3.79,3.91,mg/L,WB075,Center Buoy/Water chem site B,main,46.73133333,-84.22058333,Quinn Lake
CHL0535,ST079,1999-07-26,3,NA,1000,10.5,0,0.047,0.013,0.009,NA,5.46,5.65,mg/L,WB075,Center Buoy/Water chem site B,main,46.73133333,-84.22058333,Quinn Lake
CHL0536,ST068,1999-07-26,1,NA,1000,10.7,0,0.025,0.007,0.004,Composite Tube/Tube composite,2.96,3.06,mg/L,WB066,Center Buoy/Water chem site B,main,47.06338,-84.390411,Lower Batchawana Lake
CHL0537,ST068,1999-07-26,2,NA,1000,13,0,0.02,0.006,0.004,Composite Tube/Tube composite,2.86,2.97,mg/L,WB066,Center Buoy/Water chem site B,main,47.06338,-84.390411,Lower Batchawana Lake
CHL0538,ST068,1999-07-26,3,NA,1000,12,0,0.023,0.006,0.004,Composite Tube/Tube composite,3.06,3.16,mg/L,WB066,Center Buoy/Water chem site B,main,47.06338,-84.390411,Lower Batchawana Lake
CHL0539,ST065,1999-07-26,1,NA,1000,9.9,0.002,0.025,0.008,0.006,Composite Tube/Tube composite,2.53,2.61,mg/L,NA,Center Buoy/Water chem site B,main,47.043396,-84.408613,Little Turkey Lake
CHL0540,ST065,1999-07-26,2,NA,1000,11.7,0.003,0.023,0.008,0.006,Composite Tube/Tube composite,2.6,2.69,mg/L,NA,Center Buoy/Water chem site B,main,47.043396,-84.408613,Little Turkey Lake
CHL0541,ST079,1999-08-17,1,NA,1000,10.2,0.013,0.063,0.026,0.025,Composite Tube/Tube composite,5.66,5.85,mg/L,WB075,Center Buoy/Water chem site B,main,46.73133333,-84.22058333,Quinn Lake
CHL0542,ST079,1999-08-17,2,NA,1000,10.3,0.001,0.041,0.011,0.01,Composite Tube/Tube composite,4.58,4.73,mg/L,WB075,Center Buoy/Water chem site B,main,46.73133333,-84.22058333,Quinn Lake
CHL0543,ST079,1999-08-17,3,NA,1000,11,0.002,0.041,0.012,0.011,Composite Tube/Tube composite,4.77,4.92,mg/L,WB075,Center Buoy/Water chem site B,main,46.73133333,-84.22058333,Quinn Lake
CHL0544,ST065,1999-08-18,1,NA,1000,10,0.003,0.031,0.01,0.006,Composite Tube/Tube composite,3.11,3.21,mg/L,NA,Center Buoy/Water chem site B,main,47.043396,-84.408613,Little Turkey Lake
CHL0545,ST065,1999-08-18,2,NA,1000,9.8,0.001,0.032,0.009,0.008,Composite Tube/Tube composite,3.37,3.48,mg/L,NA,Center Buoy/Water chem site B,main,47.043396,-84.408613,Little Turkey Lake
CHL0546,ST065,1999-08-18,3,NA,800,9.7,0,0.025,0.006,0.005,Composite Tube/Tube composite,3.38,3.48,mg/L,NA,Center Buoy/Water chem site B,main,47.043396,-84.408613,Little Turkey Lake
CHL0547,ST068,1999-08-20,1,NA,1000,10.7,0.003,0.014,0.006,0.004,Composite Tube/Tube composite,1.3,1.35,mg/L,WB066,Center Buoy/Water chem site B,main,47.06338,-84.390411,Lower Batchawana Lake
CHL0548,ST068,1999-08-20,2,NA,1000,8.9,0,0.018,0.005,0.004,Composite Tube/Tube composite,1.77,1.83,mg/L,WB066,Center Buoy/Water chem site B,main,47.06338,-84.390411,Lower Batchawana Lake
CHL0549,ST068,1999-08-20,3,NA,1000,10.5,0.001,0.016,0.005,0.003,Composite Tube/Tube composite,1.74,1.8,mg/L,WB066,Center Buoy/Water chem site B,main,47.06338,-84.390411,Lower Batchawana Lake
CHL0550,ST079,1999-08-23,1,NA,1000,11,0.001,0.065,0.019,0.017,Composite Tube/Tube composite,7.78,8.05,mg/L,WB075,Center Buoy/Water chem site B,main,46.73133333,-84.22058333,Quinn Lake
CHL0551,ST079,1999-08-23,2,NA,1000,11.5,0.003,0.052,0.017,0.015,Composite Tube/Tube composite,6.23,6.44,mg/L,WB075,Center Buoy/Water chem site B,main,46.73133333,-84.22058333,Quinn Lake
CHL0552,ST079,1999-08-23,3,NA,1000,10.4,0.001,0.063,0.018,0.016,Composite Tube/Tube composite,7.14,7.38,mg/L,WB075,Center Buoy/Water chem site B,main,46.73133333,-84.22058333,Quinn Lake
CHL0553,ST068,1999-08-31,1,NA,1000,10.6,0.001,0.018,0.006,0.004,Composite Tube/Tube composite,1.99,2.06,mg/L,WB066,Center Buoy/Water chem site B,main,47.06338,-84.390411,Lower Batchawana Lake
CHL0554,ST068,1999-08-31,2,NA,1000,8.5,0.001,0.012,0.004,0.003,Composite Tube/Tube composite,1.03,1.07,mg/L,WB066,Center Buoy/Water chem site B,main,47.06338,-84.390411,Lower Batchawana Lake
CHL0555,ST068,1999-08-31,3,NA,1000,11.7,0,0.015,0.004,0.003,Composite Tube/Tube composite,1.95,2.01,mg/L,WB066,Center Buoy/Water chem site B,main,47.06338,-84.390411,Lower Batchawana Lake
CHL0556,ST065,1999-08-31,1,NA,1000,10.3,0.001,0.021,0.006,0.004,Composite Tube/Tube composite,2.29,2.36,mg/L,NA,Center Buoy/Water chem site B,main,47.043396,-84.408613,Little Turkey Lake
CHL0557,ST065,1999-08-31,2,NA,1000,11.3,0.002,0.021,0.006,0.005,Composite Tube/Tube composite,2.4,2.48,mg/L,NA,Center Buoy/Water chem site B,main,47.043396,-84.408613,Little Turkey Lake
CHL0558,ST065,1999-08-31,3,NA,1000,10,0.001,0.024,0.006,0.004,Composite Tube/Tube composite,2.57,2.65,mg/L,NA,Center Buoy/Water chem site B,main,47.043396,-84.408613,Little Turkey Lake
CHL0559,ST079,1999-09-01,1,NA,1000,10.9,0.001,0.05,0.014,0.013,Composite Tube/Tube composite,5.92,6.12,mg/L,WB075,Center Buoy/Water chem site B,main,46.73133333,-84.22058333,Quinn Lake
CHL0560,ST079,1999-09-01,2,NA,1000,10.8,0,0.02,0.005,0.004,Composite Tube/Tube composite,2.4,2.48,mg/L,WB075,Center Buoy/Water chem site B,main,46.73133333,-84.22058333,Quinn Lake
CHL0561,ST079,1999-09-01,3,NA,800,13.5,0,0.017,0.005,0.005,Composite Tube/Tube composite,3.17,3.28,mg/L,WB075,Center Buoy/Water chem site B,main,46.73133333,-84.22058333,Quinn Lake
CHL0562,ST079,1999-09-13,1,NA,1000,15.3,0.002,0.042,0.012,0.009,Composite Tube/Tube composite,6.8,7.03,mg/L,WB075,Center Buoy/Water chem site B,main,46.73133333,-84.22058333,Quinn Lake
CHL0563,ST079,1999-09-13,2,NA,710,12,0.001,0.036,0.01,0.009,Composite Tube/Tube composite,6.57,6.79,mg/L,WB075,Center Buoy/Water chem site B,main,46.73133333,-84.22058333,Quinn Lake
CHL0564,ST079,1999-09-13,3,NA,1000,10.8,0.002,0.057,0.015,0.013,Composite Tube/Tube composite,6.62,6.83,mg/L,WB075,Center Buoy/Water chem site B,main,46.73133333,-84.22058333,Quinn Lake
CHL0565,ST079,1999-09-29,1,NA,1000,10.9,0.001,0.041,0.013,0.012,Composite Tube/Tube composite,4.8,4.97,mg/L,WB075,Center Buoy/Water chem site B,main,46.73133333,-84.22058333,Quinn Lake
CHL0566,ST079,1999-09-29,2,NA,1000,14.5,0,0.031,0.007,0.006,Composite Tube/Tube composite,5.02,5.18,mg/L,WB075,Center Buoy/Water chem site B,main,46.73133333,-84.22058333,Quinn Lake
CHL0567,ST079,1999-09-29,3,NA,1000,10.5,0.004,0.044,0.014,0.013,Composite Tube/Tube composite,4.67,4.82,mg/L,WB075,Center Buoy/Water chem site B,main,46.73133333,-84.22058333,Quinn Lake
CHL0568,ST079,1999-10-14,1,NA,1000,9.8,0.006,0.05,0.021,0.017,Composite Tube/Tube composite,4.71,4.89,mg/L,WB075,Center Buoy/Water chem site B,main,46.73133333,-84.22058333,Quinn Lake
CHL0569,ST079,1999-10-14,2,NA,1000,12.9,0.001,0.033,0.011,0.008,Composite Tube/Tube composite,4.54,4.7,mg/L,WB075,Center Buoy/Water chem site B,main,46.73133333,-84.22058333,Quinn Lake
CHL0570,ST079,1999-10-14,3,NA,1000,10.7,0.01,0.043,0.02,0.016,Composite Tube/Tube composite,3.89,4.02,mg/L,WB075,Center Buoy/Water chem site B,main,46.73133333,-84.22058333,Quinn Lake
CHL0571,ST068,1999-10-14,1,NA,1000,10.8,0.001,0.007,0.003,0,Composite Tube/Tube composite,0.71,0.73,mg/L,WB066,Center Buoy/Water chem site B,main,47.06338,-84.390411,Lower Batchawana Lake
CHL0572,ST068,1999-10-14,2,NA,1000,11.9,0.002,0.007,0.004,0.001,Composite Tube/Tube composite,0.64,0.67,mg/L,WB066,Center Buoy/Water chem site B,main,47.06338,-84.390411,Lower Batchawana Lake
CHL0573,ST068,1999-10-14,3,NA,1000,11.9,0,0.005,0.001,0.001,Composite Tube/Tube composite,0.67,0.69,mg/L,WB066,Center Buoy/Water chem site B,main,47.06338,-84.390411,Lower Batchawana Lake
CHL0574,ST095,1999-10-14,1,NA,1000,10.7,0.001,0.04,0.011,0.008,Composite Tube/Tube composite,4.63,4.79,mg/L,WB087,Buoy/Water chem site B,main,47.049274,-84.399988,Wishart Lake
CHL0575,ST095,1999-10-14,2,NA,1000,11.2,0.002,0.036,0.01,0.007,Composite Tube/Tube composite,4.24,4.38,mg/L,WB087,Buoy/Water chem site B,main,47.049274,-84.399988,Wishart Lake
CHL0576,ST095,1999-10-14,3,1,500,10,0.002,0.021,0.008,0.004,Composite Tube/Tube composite,4.17,4.32,mg/L,WB087,Buoy/Water chem site B,main,47.049274,-84.399988,Wishart Lake
CHL0577,ST095,1999-10-14,3,2,500,11.5,0.002,0.017,0.006,0.002,Composite Tube/Tube composite,3.82,3.95,mg/L,WB087,Buoy/Water chem site B,main,47.049274,-84.399988,Wishart Lake
CHL0578,ST095,1999-10-14,4,NA,1000,13.1,0.003,0.022,0.009,0.007,Composite Tube/Tube composite,2.73,2.83,mg/L,WB087,Buoy/Water chem site B,main,47.049274,-84.399988,Wishart Lake
CHL0579,ST065,1999-10-14,1,NA,1000,11.2,0.001,0.023,0.007,0.004,Composite Tube/Tube composite,2.73,2.82,mg/L,NA,Center Buoy/Water chem site B,main,47.043396,-84.408613,Little Turkey Lake
CHL0580,ST065,1999-10-14,2,NA,1000,13.5,0.001,0.018,0.006,0.003,Composite Tube/Tube composite,2.53,2.62,mg/L,NA,Center Buoy/Water chem site B,main,47.043396,-84.408613,Little Turkey Lake
CHL0581,ST068,1999-10-27,1,NA,1000,10.5,0,0.004,0.002,0.001,Composite Tube/Tube composite,0.44,0.47,mg/L,WB066,Center Buoy/Water chem site B,main,47.06338,-84.390411,Lower Batchawana Lake
CHL0582,ST068,1999-10-27,2,NA,1000,10.3,0,0.005,0.001,0,Composite Tube/Tube composite,0.58,0.59,mg/L,WB066,Center Buoy/Water chem site B,main,47.06338,-84.390411,Lower Batchawana Lake
CHL0583,ST068,1999-10-27,3,NA,1000,9.8,0.001,0.007,0.003,0,Composite Tube/Tube composite,0.64,0.67,mg/L,WB066,Center Buoy/Water chem site B,main,47.06338,-84.390411,Lower Batchawana Lake
CHL0584,ST095,1999-10-27,1,NA,1000,11.5,0.001,0.032,0.008,0.008,Composite Tube/Tube composite,3.98,4.11,mg/L,WB087,Buoy/Water chem site B,main,47.049274,-84.399988,Wishart Lake
CHL0585,ST095,1999-10-27,2,NA,1000,10.5,0.001,0.034,0.009,0.006,Composite Tube/Tube composite,3.86,3.98,mg/L,WB087,Buoy/Water chem site B,main,47.049274,-84.399988,Wishart Lake
CHL0586,ST095,1999-10-27,3,1,500,13.5,0,0.014,0.005,0.005,Composite Tube/Tube composite,4.12,4.28,mg/L,WB087,Buoy/Water chem site B,main,47.049274,-84.399988,Wishart Lake
CHL0587,ST095,1999-10-27,3,2,500,10.8,0,0.017,0.004,0.002,Composite Tube/Tube composite,4.09,4.22,mg/L,WB087,Buoy/Water chem site B,main,47.049274,-84.399988,Wishart Lake
CHL0588,ST065,1999-10-27,1,1,500,12.6,0.001,0.01,0.002,0.002,Composite Tube/Tube composite,2.59,2.65,mg/L,NA,Center Buoy/Water chem site B,main,47.043396,-84.408613,Little Turkey Lake
CHL0589,ST065,1999-10-27,1,2,500,11.2,0,0.009,0.001,0.001,Composite Tube/Tube composite,2.3,2.36,mg/L,NA,Center Buoy/Water chem site B,main,47.043396,-84.408613,Little Turkey Lake
CHL0590,ST065,1999-10-27,2,1,500,10.6,0.001,0.011,0.003,0.003,Composite Tube/Tube composite,2.38,2.45,mg/L,NA,Center Buoy/Water chem site B,main,47.043396,-84.408613,Little Turkey Lake
CHL0591,ST065,1999-10-27,2,2,500,10.9,0.001,0.011,0.003,0.002,Composite Tube/Tube composite,2.45,2.52,mg/L,NA,Center Buoy/Water chem site B,main,47.043396,-84.408613,Little Turkey Lake
CHL0592,ST065,1999-10-27,3,1,500,10,0,0.011,0.003,0.003,Composite Tube/Tube composite,2.44,2.52,mg/L,NA,Center Buoy/Water chem site B,main,47.043396,-84.408613,Little Turkey Lake
CHL0593,ST065,1999-10-27,3,2,500,11.8,0.006,0.017,0.008,0.007,Composite Tube/Tube composite,2.92,3.01,mg/L,NA,Center Buoy/Water chem site B,main,47.043396,-84.408613,Little Turkey Lake
CHL0594,ST079,1999-10-28,1,NA,1000,11.3,0.027,0.081,0.045,0.041,Composite Tube/Tube composite,6.68,6.93,mg/L,WB075,Center Buoy/Water chem site B,main,46.73133333,-84.22058333,Quinn Lake
CHL0595,ST079,1999-10-28,2,NA,1000,13.1,0.005,0.044,0.018,0.012,Composite Tube/Tube composite,5.59,5.8,mg/L,WB075,Center Buoy/Water chem site B,main,46.73133333,-84.22058333,Quinn Lake
CHL0596,ST079,1999-10-28,3,NA,1000,10.5,0.001,0.06,0.02,0.015,Composite Tube/Tube composite,6.79,7.05,mg/L,WB075,Center Buoy/Water chem site B,main,46.73133333,-84.22058333,Quinn Lake
CHL0597,ST079,1999-11-05,1,NA,1000,11.1,0.001,0.055,0.017,0.013,Composite Tube/Tube composite,6.61,6.84,mg/L,WB075,Center Buoy/Water chem site B,main,46.73133333,-84.22058333,Quinn Lake
CHL0598,ST079,1999-11-05,2,NA,1000,12.2,0.001,0.056,0.021,0.013,Composite Tube/Tube composite,7.3,7.59,mg/L,WB075,Center Buoy/Water chem site B,main,46.73133333,-84.22058333,Quinn Lake
CHL0599,ST079,1999-11-05,3,NA,1000,11.5,0.012,0.068,0.029,0.026,Composite Tube/Tube composite,7.09,7.34,mg/L,WB075,Center Buoy/Water chem site B,main,46.73133333,-84.22058333,Quinn Lake
CHL0600,ST068,2000-04-26,3,NA,1000,12,0.002,0.009,0.005,0.003,Composite Tube/Tube composite,0.9,0.94,mg/L,WB066,Center Buoy/Water chem site B,main,47.06338,-84.390411,Lower Batchawana Lake
CHL0601,ST091,2000-04-26,1,NA,1000,11.7,0.004,0.014,0.006,0.005,Composite Tube/Tube composite,1.31,1.35,mg/L,WB085,Center Buoy/Water chem site B,main,47.066412,-84.394125,Upper Batchawana Lake
CHL0602,ST091,2000-04-26,2,NA,1000,11.7,0.004,0.012,0.007,0.005,Composite Tube/Tube composite,1.01,1.06,mg/L,WB085,Center Buoy/Water chem site B,main,47.066412,-84.394125,Upper Batchawana Lake
CHL0603,ST091,2000-04-26,3,NA,1000,12.5,0.001,0.01,0.004,0.003,Composite Tube/Tube composite,1.23,1.28,mg/L,WB085,Center Buoy/Water chem site B,main,47.066412,-84.394125,Upper Batchawana Lake
CHL0604,ST095,2000-04-26,1,NA,1000,11.8,0,0.007,0.002,0.002,Composite Tube/Tube composite,0.91,0.94,mg/L,WB087,Buoy/Water chem site B,main,47.049274,-84.399988,Wishart Lake
CHL0605,ST095,2000-04-26,2,NA,1000,11,0,0.004,0.002,0.002,Composite Tube/Tube composite,0.47,0.49,mg/L,WB087,Buoy/Water chem site B,main,47.049274,-84.399988,Wishart Lake
CHL0606,ST095,2000-04-26,3,NA,1000,11.4,0.002,0.01,0.005,0.003,Composite Tube/Tube composite,0.99,1.03,mg/L,WB087,Buoy/Water chem site B,main,47.049274,-84.399988,Wishart Lake
CHL0607,ST095,2000-04-26,4,NA,1000,10.6,0.004,0.014,0.007,0.006,Composite Tube/Tube composite,1.17,1.21,mg/L,WB087,Buoy/Water chem site B,main,47.049274,-84.399988,Wishart Lake
CHL0608,ST065,2000-04-26,1,NA,1000,13.5,0.002,0.007,0.003,0.003,Composite Tube/Tube composite,0.76,0.78,mg/L,NA,Center Buoy/Water chem site B,main,47.043396,-84.408613,Little Turkey Lake
CHL0609,ST065,2000-04-26,2,NA,1000,12.5,0,0.007,0.002,0.002,Composite Tube/Tube composite,0.97,1,mg/L,NA,Center Buoy/Water chem site B,main,47.043396,-84.408613,Little Turkey Lake
CHL0610,ST079,2000-04-27,1,NA,1000,11.3,0.002,0.03,0.01,0.009,Composite Tube/Tube composite,3.5,3.62,mg/L,WB075,Center Buoy/Water chem site B,main,46.73133333,-84.22058333,Quinn Lake
CHL0611,ST079,2000-04-27,2,NA,1000,11.3,0.003,0.03,0.011,0.008,Composite Tube/Tube composite,3.36,3.48,mg/L,WB075,Center Buoy/Water chem site B,main,46.73133333,-84.22058333,Quinn Lake
CHL0612,ST079,2000-04-27,3,NA,1000,12.6,0.003,0.029,0.008,0.009,Composite Tube/Tube composite,3.68,3.79,mg/L,WB075,Center Buoy/Water chem site B,main,46.73133333,-84.22058333,Quinn Lake
CHL0613,ST095,2000-04-27,1,NA,1000,10.1,0.002,0.006,0.002,0.001,NA,0.47,0.48,mg/L,WB087,Buoy/Water chem site B,main,47.049274,-84.399988,Wishart Lake
CHL0614,ST079,2000-05-23,1,NA,1000,13.1,0.001,0.032,0.009,0.007,Composite Tube/Tube composite,4.51,4.66,mg/L,WB075,Center Buoy/Water chem site B,main,46.73133333,-84.22058333,Quinn Lake
CHL0615,ST079,2000-05-23,2,NA,1000,13.5,0.001,0.033,0.01,0.007,Composite Tube/Tube composite,4.77,4.94,mg/L,WB075,Center Buoy/Water chem site B,main,46.73133333,-84.22058333,Quinn Lake
CHL0616,ST079,2000-05-23,3,NA,1000,11.2,0.001,0.038,0.009,0.009,Composite Tube/Tube composite,4.64,4.78,mg/L,WB075,Center Buoy/Water chem site B,main,46.73133333,-84.22058333,Quinn Lake
CHL0617,ST068,2000-05-24,1,NA,1000,12.2,0.001,0.007,0.003,0.002,Composite Tube/Tube composite,0.8,0.83,mg/L,WB066,Center Buoy/Water chem site B,main,47.06338,-84.390411,Lower Batchawana Lake
CHL0618,ST068,2000-05-24,2,NA,1000,11.1,0.003,0.014,0.007,0.006,Composite Tube/Tube composite,1.33,1.38,mg/L,WB066,Center Buoy/Water chem site B,main,47.06338,-84.390411,Lower Batchawana Lake
CHL0619,ST091,2000-05-24,1,NA,1000,11.2,0.001,0.012,0.005,0.003,Composite Tube/Tube composite,1.34,1.39,mg/L,WB085,Center Buoy/Water chem site B,main,47.066412,-84.394125,Upper Batchawana Lake
CHL0620,ST091,2000-05-24,2,NA,1000,10.8,0.001,0.011,0.004,0.002,Composite Tube/Tube composite,1.19,1.23,mg/L,WB085,Center Buoy/Water chem site B,main,47.066412,-84.394125,Upper Batchawana Lake
CHL0621,ST091,2000-05-24,3,NA,1000,12.2,0.003,0.013,0.005,0.004,Composite Tube/Tube composite,1.37,1.41,mg/L,WB085,Center Buoy/Water chem site B,main,47.066412,-84.394125,Upper Batchawana Lake
CHL0622,ST095,2000-05-24,1,NA,1000,13.8,0.002,0.015,0.005,0.004,Composite Tube/Tube composite,2,2.06,mg/L,WB087,Buoy/Water chem site B,main,47.049274,-84.399988,Wishart Lake
CHL0623,ST095,2000-05-24,2,NA,1000,14.3,0,0.013,0.004,0.003,Composite Tube/Tube composite,2.04,2.12,mg/L,WB087,Buoy/Water chem site B,main,47.049274,-84.399988,Wishart Lake
CHL0624,ST095,2000-05-24,3,NA,1000,13.3,0.001,0.014,0.004,0.004,Composite Tube/Tube composite,1.93,1.99,mg/L,WB087,Buoy/Water chem site B,main,47.049274,-84.399988,Wishart Lake
CHL0625,ST065,2000-05-24,1,NA,1000,12.7,0.001,0.011,0.004,0.003,Composite Tube/Tube composite,1.4,1.45,mg/L,NA,Center Buoy/Water chem site B,main,47.043396,-84.408613,Little Turkey Lake
CHL0626,ST065,2000-05-25,3,NA,1000,11.3,0.002,0.016,0.005,0.005,NA,1.77,1.83,mg/L,NA,Center Buoy/Water chem site B,main,47.043396,-84.408613,Little Turkey Lake
CHL0627,ST068,2000-06-17,1,NA,1000,10.6,0.001,0.016,0.005,0.004,Composite Tube/Tube composite,1.76,1.82,mg/L,WB066,Center Buoy/Water chem site B,main,47.06338,-84.390411,Lower Batchawana Lake
CHL0628,ST068,2000-06-17,2,NA,1000,14.1,0,0.011,0.002,0.002,Composite Tube/Tube composite,1.75,1.8,mg/L,WB066,Center Buoy/Water chem site B,main,47.06338,-84.390411,Lower Batchawana Lake
CHL0629,ST068,2000-06-17,3,NA,1000,11.6,0.003,0.017,0.005,0.004,Composite Tube/Tube composite,1.84,1.89,mg/L,WB066,Center Buoy/Water chem site B,main,47.06338,-84.390411,Lower Batchawana Lake
CHL0630,ST068,2000-06-17,4,NA,1000,10.8,0.001,0.018,0.006,0.005,Composite Tube/Tube composite,2.02,2.1,mg/L,WB066,Center Buoy/Water chem site B,main,47.06338,-84.390411,Lower Batchawana Lake
CHL0631,ST091,2000-06-17,1,NA,1000,13.3,0.002,0.012,0.003,0.003,Composite Tube/Tube composite,1.52,1.56,mg/L,WB085,Center Buoy/Water chem site B,main,47.066412,-84.394125,Upper Batchawana Lake
CHL0632,ST091,2000-06-17,2,NA,1000,11.6,0.001,0.013,0.004,0.003,Composite Tube/Tube composite,1.55,1.6,mg/L,WB085,Center Buoy/Water chem site B,main,47.066412,-84.394125,Upper Batchawana Lake
CHL0633,ST091,2000-06-17,3,NA,1000,13,0.007,0.021,0.012,0.008,Composite Tube/Tube composite,1.98,2.06,mg/L,WB085,Center Buoy/Water chem site B,main,47.066412,-84.394125,Upper Batchawana Lake
CHL0634,ST091,2000-06-17,4,NA,1000,14.5,0.001,0.011,0.003,0.002,Composite Tube/Tube composite,1.63,1.67,mg/L,WB085,Center Buoy/Water chem site B,main,47.066412,-84.394125,Upper Batchawana Lake
CHL0635,ST065,2000-06-17,1,NA,1000,12.6,0.001,0.01,0.003,0.003,Composite Tube/Tube composite,1.27,1.31,mg/L,NA,Center Buoy/Water chem site B,main,47.043396,-84.408613,Little Turkey Lake
CHL0636,ST065,2000-06-17,2,NA,1000,12.8,0.002,0.011,0.005,0.005,Composite Tube/Tube composite,1.26,1.31,mg/L,NA,Center Buoy/Water chem site B,main,47.043396,-84.408613,Little Turkey Lake
CHL0637,ST065,2000-06-17,3,NA,1000,11.8,0.001,0.011,0.003,0.003,Composite Tube/Tube composite,1.32,1.36,mg/L,NA,Center Buoy/Water chem site B,main,47.043396,-84.408613,Little Turkey Lake
CHL0638,ST065,2000-06-17,4,NA,1000,11.8,0,0.008,0.002,0.002,Composite Tube/Tube composite,1.05,1.08,mg/L,NA,Center Buoy/Water chem site B,main,47.043396,-84.408613,Little Turkey Lake
CHL0639,ST079,2000-06-21,1,2,300,12,0,0.015,0.004,0.001,Composite Tube/Tube composite,6.64,6.87,mg/L,WB075,Center Buoy/Water chem site B,main,46.73133333,-84.22058333,Quinn Lake
CHL0640,ST079,2000-06-21,1,1,700,12.3,0,0.031,0.008,0.006,Composite Tube/Tube composite,6.05,6.25,mg/L,WB075,Center Buoy/Water chem site B,main,46.73133333,-84.22058333,Quinn Lake
CHL0641,ST079,2000-06-21,2,2,350,10.8,0.002,0.021,0.006,0.003,Composite Tube/Tube composite,6.56,6.76,mg/L,WB075,Center Buoy/Water chem site B,main,46.73133333,-84.22058333,Quinn Lake
CHL0642,ST079,2000-06-21,2,1,650,14.7,0.002,0.028,0.01,0.006,Composite Tube/Tube composite,6.46,6.7,mg/L,WB075,Center Buoy/Water chem site B,main,46.73133333,-84.22058333,Quinn Lake
CHL0643,ST079,2000-06-21,3,2,350,11.9,0.001,0.018,0.007,0.004,Composite Tube/Tube composite,6.3,6.54,mg/L,WB075,Center Buoy/Water chem site B,main,46.73133333,-84.22058333,Quinn Lake
CHL0644,ST079,2000-06-21,3,1,650,11.8,0,0.028,0.008,0.004,Composite Tube/Tube composite,5.61,5.81,mg/L,WB075,Center Buoy/Water chem site B,main,46.73133333,-84.22058333,Quinn Lake
CHL0645,ST068,2000-06-22,1,NA,1000,12.8,0.004,0.024,0.011,0.011,Composite Tube/Tube composite,2.8,2.9,mg/L,WB066,Center Buoy/Water chem site B,main,47.06338,-84.390411,Lower Batchawana Lake
CHL0646,ST068,2000-06-22,2,NA,1000,14.4,0.003,0.025,0.008,0.007,Composite Tube/Tube composite,3.54,3.65,mg/L,WB066,Center Buoy/Water chem site B,main,47.06338,-84.390411,Lower Batchawana Lake
CHL0647,ST068,2000-06-22,3,NA,1000,12.6,0.001,0.021,0.006,0.005,Composite Tube/Tube composite,2.8,2.89,mg/L,WB066,Center Buoy/Water chem site B,main,47.06338,-84.390411,Lower Batchawana Lake
CHL0648,ST091,2000-06-22,1,NA,1000,11.6,0.002,0.028,0.008,0.006,Composite Tube/Tube composite,3.36,3.47,mg/L,WB085,Center Buoy/Water chem site B,main,47.066412,-84.394125,Upper Batchawana Lake
CHL0649,ST091,2000-06-22,2,NA,1000,11.2,0.002,0.023,0.006,0.004,Composite Tube/Tube composite,2.64,2.72,mg/L,WB085,Center Buoy/Water chem site B,main,47.066412,-84.394125,Upper Batchawana Lake
CHL0650,ST091,2000-06-22,3,NA,1000,13.2,0.003,0.029,0.009,0.008,Composite Tube/Tube composite,3.83,3.95,mg/L,WB085,Center Buoy/Water chem site B,main,47.066412,-84.394125,Upper Batchawana Lake
CHL0651,ST095,2000-06-22,1,NA,1000,12.6,0.001,0.044,0.011,0.01,Composite Tube/Tube composite,6.05,6.24,mg/L,WB087,Buoy/Water chem site B,main,47.049274,-84.399988,Wishart Lake
CHL0652,ST095,2000-06-22,2,NA,1000,11,0.003,0.043,0.013,0.012,Composite Tube/Tube composite,4.89,5.05,mg/L,WB087,Buoy/Water chem site B,main,47.049274,-84.399988,Wishart Lake
CHL0653,ST095,2000-06-22,3,NA,1000,11.4,0.005,0.05,0.015,0.014,Composite Tube/Tube composite,5.74,5.91,mg/L,WB087,Buoy/Water chem site B,main,47.049274,-84.399988,Wishart Lake
CHL0654,ST065,2000-06-22,1,NA,1000,10.7,0.001,0.018,0.006,0.005,Composite Tube/Tube composite,2.01,2.08,mg/L,NA,Center Buoy/Water chem site B,main,47.043396,-84.408613,Little Turkey Lake
CHL0655,ST065,2000-06-22,2,NA,1000,11.6,0.001,0.016,0.004,0.003,Composite Tube/Tube composite,1.95,2.01,mg/L,NA,Center Buoy/Water chem site B,main,47.043396,-84.408613,Little Turkey Lake
CHL0656,ST065,2000-06-22,3,NA,1000,12.1,0.001,0.019,0.005,0.005,Composite Tube/Tube composite,2.44,2.51,mg/L,NA,Center Buoy/Water chem site B,main,47.043396,-84.408613,Little Turkey Lake
CHL0657,ST095,2000-07-18,1,2,390,14.5,0,0.015,0.005,0.003,Composite Tube/Tube composite,6.1,6.33,mg/L,WB087,Buoy/Water chem site B,main,47.049274,-84.399988,Wishart Lake
CHL0658,ST095,2000-07-18,1,1,500,11.9,0.005,0.034,0.013,0.012,Composite Tube/Tube composite,7.64,7.9,mg/L,WB087,Buoy/Water chem site B,main,47.049274,-84.399988,Wishart Lake
CHL0659,ST095,2000-07-18,2,2,500,12.5,0.002,0.031,0.01,0.008,Composite Tube/Tube composite,8.02,8.3,mg/L,WB087,Buoy/Water chem site B,main,47.049274,-84.399988,Wishart Lake
CHL0660,ST095,2000-07-18,2,1,500,12.3,0.002,0.029,0.009,0.006,Composite Tube/Tube composite,7.37,7.61,mg/L,WB087,Buoy/Water chem site B,main,47.049274,-84.399988,Wishart Lake
CHL0661,ST095,2000-07-18,3,2,500,12.4,0.002,0.047,0.014,0.011,Composite Tube/Tube composite,12.37,12.78,mg/L,WB087,Buoy/Water chem site B,main,47.049274,-84.399988,Wishart Lake
CHL0662,ST095,2000-07-18,3,1,500,13.4,0.002,0.043,0.013,0.012,Composite Tube/Tube composite,12.18,12.59,mg/L,WB087,Buoy/Water chem site B,main,47.049274,-84.399988,Wishart Lake
CHL0663,ST079,2000-07-19,1,1,500,13.8,0.002,0.008,0.003,0.002,Composite Tube/Tube composite,1.87,1.92,mg/L,WB075,Center Buoy/Water chem site B,main,46.73133333,-84.22058333,Quinn Lake
CHL0664,ST079,2000-07-19,1,2,500,15.2,0.002,0.007,0.002,0.002,Composite Tube/Tube composite,1.77,1.8,mg/L,WB075,Center Buoy/Water chem site B,main,46.73133333,-84.22058333,Quinn Lake
CHL0665,ST079,2000-07-19,2,2,500,17.2,0.002,0.007,0.003,0.001,Composite Tube/Tube composite,1.92,1.98,mg/L,WB075,Center Buoy/Water chem site B,main,46.73133333,-84.22058333,Quinn Lake
CHL0666,ST079,2000-07-19,2,1,500,13.5,0,0.009,0.003,0.002,Composite Tube/Tube composite,2.66,2.76,mg/L,WB075,Center Buoy/Water chem site B,main,46.73133333,-84.22058333,Quinn Lake
CHL0667,ST079,2000-07-19,3,1,250,13.2,0,0.006,0.002,0.001,Composite Tube/Tube composite,3.46,3.6,mg/L,WB075,Center Buoy/Water chem site B,main,46.73133333,-84.22058333,Quinn Lake
CHL0668,ST079,2000-07-19,3,2,500,14.5,0.002,0.007,0.003,0.002,Composite Tube/Tube composite,1.63,1.67,mg/L,WB075,Center Buoy/Water chem site B,main,46.73133333,-84.22058333,Quinn Lake
CHL0669,ST068,2000-07-19,1,NA,1000,12.3,0.002,0.014,0.005,0.003,Composite Tube/Tube composite,1.64,1.69,mg/L,WB066,Center Buoy/Water chem site B,main,47.06338,-84.390411,Lower Batchawana Lake
CHL0670,ST068,2000-07-19,2,NA,1000,13.2,0.007,0.02,0.012,0.012,Composite Tube/Tube composite,1.86,1.94,mg/L,WB066,Center Buoy/Water chem site B,main,47.06338,-84.390411,Lower Batchawana Lake
CHL0671,ST068,2000-07-19,3,NA,1000,12,0.004,0.014,0.005,0.004,Composite Tube/Tube composite,1.37,1.4,mg/L,WB066,Center Buoy/Water chem site B,main,47.06338,-84.390411,Lower Batchawana Lake
CHL0672,ST091,2000-07-19,1,NA,1000,13.2,0,0.017,0.005,0.004,Composite Tube/Tube composite,2.47,2.56,mg/L,WB085,Center Buoy/Water chem site B,main,47.066412,-84.394125,Upper Batchawana Lake
CHL0673,ST091,2000-07-19,2,NA,1000,14.3,0.002,0.013,0.006,0.003,Composite Tube/Tube composite,1.71,1.78,mg/L,WB085,Center Buoy/Water chem site B,main,47.066412,-84.394125,Upper Batchawana Lake
CHL0674,ST091,2000-07-19,3,NA,1000,17.4,0.002,0.009,0.004,0.002,Composite Tube/Tube composite,1.34,1.39,mg/L,WB085,Center Buoy/Water chem site B,main,47.066412,-84.394125,Upper Batchawana Lake
CHL0675,ST065,2000-07-19,1,1,500,13.1,0.002,0.009,0.003,0.001,Composite Tube/Tube composite,2.08,2.13,mg/L,NA,Center Buoy/Water chem site B,main,47.043396,-84.408613,Little Turkey Lake
CHL0676,ST065,2000-07-19,1,2,500,12.8,0.002,0.008,0.003,0.001,Composite Tube/Tube composite,1.73,1.78,mg/L,NA,Center Buoy/Water chem site B,main,47.043396,-84.408613,Little Turkey Lake
CHL0677,ST065,2000-07-19,2,1,500,13,0.009,0.024,0.017,0.018,Composite Tube/Tube composite,4.11,4.32,mg/L,NA,Center Buoy/Water chem site B,main,47.043396,-84.408613,Little Turkey Lake
CHL0678,ST065,2000-07-19,2,2,500,11.1,0.002,0.011,0.006,0.005,Composite Tube/Tube composite,2.14,2.24,mg/L,NA,Center Buoy/Water chem site B,main,47.043396,-84.408613,Little Turkey Lake
CHL0679,ST065,2000-07-19,3,1,120,14.8,0.001,0.003,0.002,0.001,Composite Tube/Tube composite,2.6,2.73,mg/L,NA,Center Buoy/Water chem site B,main,47.043396,-84.408613,Little Turkey Lake
CHL0680,ST065,2000-07-19,3,2,500,11.4,0.001,0.01,0.003,0.003,Composite Tube/Tube composite,2.29,2.37,mg/L,NA,Center Buoy/Water chem site B,main,47.043396,-84.408613,Little Turkey Lake
CHL0681,ST079,2000-08-15,1,NA,1000,12,0.002,0.013,0.006,0.005,Composite Tube/Tube composite,1.44,1.49,mg/L,WB075,Center Buoy/Water chem site B,main,46.73133333,-84.22058333,Quinn Lake
CHL0682,ST079,2000-08-15,2,NA,1000,11.8,0.001,0.021,0.008,0.006,Composite Tube/Tube composite,2.57,2.67,mg/L,WB075,Center Buoy/Water chem site B,main,46.73133333,-84.22058333,Quinn Lake
CHL0683,ST079,2000-08-15,3,NA,1000,11,0.002,0.022,0.007,0.006,Composite Tube/Tube composite,2.45,2.53,mg/L,WB075,Center Buoy/Water chem site B,main,46.73133333,-84.22058333,Quinn Lake
CHL0684,ST068,2000-08-17,1,2,500,13.6,0.001,0.007,0.002,0.003,Composite Tube/Tube composite,1.85,1.9,mg/L,WB066,Center Buoy/Water chem site B,main,47.06338,-84.390411,Lower Batchawana Lake
CHL0685,ST068,2000-08-17,1,1,500,11.4,0.003,0.01,0.004,0.004,Composite Tube/Tube composite,1.81,1.86,mg/L,WB066,Center Buoy/Water chem site B,main,47.06338,-84.390411,Lower Batchawana Lake
CHL0686,ST068,2000-08-17,2,2,500,14.2,0.002,0.008,0.003,0.001,Composite Tube/Tube composite,1.92,1.97,mg/L,WB066,Center Buoy/Water chem site B,main,47.06338,-84.390411,Lower Batchawana Lake
CHL0687,ST068,2000-08-17,2,1,500,11.5,0.003,0.011,0.005,0.005,Composite Tube/Tube composite,2.05,2.11,mg/L,WB066,Center Buoy/Water chem site B,main,47.06338,-84.390411,Lower Batchawana Lake
CHL0688,ST068,2000-08-17,3,2,500,12.6,0.003,0.009,0.006,0.007,Composite Tube/Tube composite,1.61,1.68,mg/L,WB066,Center Buoy/Water chem site B,main,47.06338,-84.390411,Lower Batchawana Lake
CHL0689,ST068,2000-08-17,3,1,500,11.2,0.002,0.011,0.005,0.005,Composite Tube/Tube composite,2.21,2.29,mg/L,WB066,Center Buoy/Water chem site B,main,47.06338,-84.390411,Lower Batchawana Lake
CHL0690,ST091,2000-08-17,1,2,500,11.5,0,0.007,0.002,0.002,Composite Tube/Tube composite,1.78,1.84,mg/L,WB085,Center Buoy/Water chem site B,main,47.066412,-84.394125,Upper Batchawana Lake
CHL0691,ST091,2000-08-17,1,1,500,14,0.002,0.006,0.003,0.003,Composite Tube/Tube composite,1.25,1.29,mg/L,WB085,Center Buoy/Water chem site B,main,47.066412,-84.394125,Upper Batchawana Lake
CHL0692,ST091,2000-08-17,2,1,500,11.5,0.007,0.016,0.012,0.01,Composite Tube/Tube composite,2.17,2.28,mg/L,WB085,Center Buoy/Water chem site B,main,47.066412,-84.394125,Upper Batchawana Lake
CHL0693,ST091,2000-08-17,2,2,500,11.3,0.003,0.01,0.005,0.005,Composite Tube/Tube composite,1.75,1.81,mg/L,WB085,Center Buoy/Water chem site B,main,47.066412,-84.394125,Upper Batchawana Lake
CHL0694,ST091,2000-08-17,3,2,500,11.5,0.003,0.01,0.005,0.004,Composite Tube/Tube composite,1.78,1.84,mg/L,WB085,Center Buoy/Water chem site B,main,47.066412,-84.394125,Upper Batchawana Lake
CHL0695,ST091,2000-08-17,3,1,500,12.6,0.002,0.009,0.004,0.004,Composite Tube/Tube composite,1.95,2.02,mg/L,WB085,Center Buoy/Water chem site B,main,47.066412,-84.394125,Upper Batchawana Lake
CHL0696,ST095,2000-08-17,1,1,500,13.7,0.002,0.021,0.007,0.005,Composite Tube/Tube composite,5.77,5.96,mg/L,WB087,Buoy/Water chem site B,main,47.049274,-84.399988,Wishart Lake
CHL0697,ST095,2000-08-17,1,2,450,13,0.002,0.016,0.005,0.005,Composite Tube/Tube composite,4.53,4.67,mg/L,WB087,Buoy/Water chem site B,main,47.049274,-84.399988,Wishart Lake
CHL0698,ST095,2000-08-17,2,2,460,12.7,0.002,0.02,0.006,0.005,Composite Tube/Tube composite,5.55,5.73,mg/L,WB087,Buoy/Water chem site B,main,47.049274,-84.399988,Wishart Lake
CHL0699,ST095,2000-08-17,2,1,500,12.4,0.001,0.021,0.007,0.005,Composite Tube/Tube composite,5.46,5.66,mg/L,WB087,Buoy/Water chem site B,main,47.049274,-84.399988,Wishart Lake
CHL0700,ST095,2000-08-17,3,2,400,14.6,0,0.008,0.003,0.003,Composite Tube/Tube composite,3.17,3.3,mg/L,WB087,Buoy/Water chem site B,main,47.049274,-84.399988,Wishart Lake
CHL0701,ST095,2000-08-17,3,1,500,11.3,0.001,0.018,0.006,0.006,Composite Tube/Tube composite,4.24,4.39,mg/L,WB087,Buoy/Water chem site B,main,47.049274,-84.399988,Wishart Lake
CHL0702,ST095,2000-08-17,4,NA,1000,10.8,0.002,0.019,0.006,0.005,Composite Tube/Tube composite,2.05,2.11,mg/L,WB087,Buoy/Water chem site B,main,47.049274,-84.399988,Wishart Lake
CHL0703,ST065,2000-08-17,2,NA,1000,11.8,0,0.014,0.004,0.002,Composite Tube/Tube composite,1.82,1.89,mg/L,NA,Center Buoy/Water chem site B,main,47.043396,-84.408613,Little Turkey Lake
CHL0704,ST065,2000-08-17,3,NA,1000,13.1,0.002,0.015,0.005,0.003,Composite Tube/Tube composite,1.9,1.96,mg/L,NA,Center Buoy/Water chem site B,main,47.043396,-84.408613,Little Turkey Lake
CHL0705,ST095,2000-09-12,1,1,500,10.5,0.004,0.019,0.006,0.006,Composite Tube/Tube composite,3.58,3.67,mg/L,WB087,Buoy/Water chem site B,main,47.049274,-84.399988,Wishart Lake
CHL0706,ST095,2000-09-12,1,2,500,16.3,0.001,0.013,0.004,0.004,Composite Tube/Tube composite,4.35,4.49,mg/L,WB087,Buoy/Water chem site B,main,47.049274,-84.399988,Wishart Lake
CHL0707,ST095,2000-09-12,2,1,500,11.5,0.001,0.015,0.005,0.004,Composite Tube/Tube composite,3.56,3.68,mg/L,WB087,Buoy/Water chem site B,main,47.049274,-84.399988,Wishart Lake
CHL0708,ST095,2000-09-12,2,2,500,13.4,0.004,0.02,0.008,0.008,Composite Tube/Tube composite,4.77,4.92,mg/L,WB087,Buoy/Water chem site B,main,47.049274,-84.399988,Wishart Lake
CHL0709,ST095,2000-09-12,3,1,500,15.3,0.002,0.015,0.006,0.006,Composite Tube/Tube composite,4.38,4.54,mg/L,WB087,Buoy/Water chem site B,main,47.049274,-84.399988,Wishart Lake
CHL0710,ST095,2000-09-12,3,2,500,12.5,0.001,0.017,0.006,0.006,Composite Tube/Tube composite,4.4,4.56,mg/L,WB087,Buoy/Water chem site B,main,47.049274,-84.399988,Wishart Lake
CHL0711,ST079,2000-09-13,1,NA,1000,10.7,0.003,0.03,0.01,0.01,Composite Tube/Tube composite,3.21,3.31,mg/L,WB075,Center Buoy/Water chem site B,main,46.73133333,-84.22058333,Quinn Lake
CHL0712,ST079,2000-09-13,2,NA,1000,12.4,0.003,0.023,0.008,0.007,Composite Tube/Tube composite,2.76,2.85,mg/L,WB075,Center Buoy/Water chem site B,main,46.73133333,-84.22058333,Quinn Lake
CHL0713,ST079,2000-09-13,3,NA,1000,15.2,0.001,0.02,0.006,0.005,Composite Tube/Tube composite,3.2,3.31,mg/L,WB075,Center Buoy/Water chem site B,main,46.73133333,-84.22058333,Quinn Lake
CHL0714,ST068,2000-09-13,1,NA,970,12.4,0.002,0.009,0.004,0.004,Composite Tube/Tube composite,0.99,1.02,mg/L,WB066,Center Buoy/Water chem site B,main,47.06338,-84.390411,Lower Batchawana Lake
CHL0715,ST068,2000-09-13,2,NA,1000,11.2,0.001,0.009,0.004,0.004,Composite Tube/Tube composite,0.97,1.01,mg/L,WB066,Center Buoy/Water chem site B,main,47.06338,-84.390411,Lower Batchawana Lake
CHL0716,ST068,2000-09-13,3,NA,1000,12.3,0.003,0.01,0.005,0.004,Composite Tube/Tube composite,0.95,0.98,mg/L,WB066,Center Buoy/Water chem site B,main,47.06338,-84.390411,Lower Batchawana Lake
CHL0717,ST091,2000-09-13,1,NA,1000,13.2,0.003,0.012,0.005,0.005,Composite Tube/Tube composite,1.33,1.37,mg/L,WB085,Center Buoy/Water chem site B,main,47.066412,-84.394125,Upper Batchawana Lake
CHL0718,ST091,2000-09-13,2,NA,1000,16.1,0.004,0.009,0.006,0.005,Composite Tube/Tube composite,0.87,0.91,mg/L,WB085,Center Buoy/Water chem site B,main,47.066412,-84.394125,Upper Batchawana Lake
CHL0719,ST091,2000-09-13,3,NA,1000,13.4,0.001,0.011,0.004,0.004,Composite Tube/Tube composite,1.48,1.53,mg/L,WB085,Center Buoy/Water chem site B,main,47.066412,-84.394125,Upper Batchawana Lake
CHL0720,ST065,2000-09-13,1,NA,1000,15.8,0.003,0.011,0.005,0.005,Composite Tube/Tube composite,1.41,1.45,mg/L,NA,Center Buoy/Water chem site B,main,47.043396,-84.408613,Little Turkey Lake
CHL0721,ST065,2000-09-13,2,NA,1000,11.7,0.004,0.014,0.007,0.006,Composite Tube/Tube composite,1.29,1.33,mg/L,NA,Center Buoy/Water chem site B,main,47.043396,-84.408613,Little Turkey Lake
CHL0722,ST065,2000-09-13,3,NA,1000,12.6,0.003,0.013,0.007,0.006,Composite Tube/Tube composite,1.36,1.42,mg/L,NA,Center Buoy/Water chem site B,main,47.043396,-84.408613,Little Turkey Lake
CHL0723,ST095,2000-09-15,1,1,500,13.5,0.001,0.015,0.005,0.005,Composite Tube/Tube composite,4.18,4.32,mg/L,WB087,Buoy/Water chem site B,main,47.049274,-84.399988,Wishart Lake
CHL0724,ST095,2000-09-15,1,2,500,13.3,0.003,0.017,0.005,0.005,Composite Tube/Tube composite,4.23,4.34,mg/L,WB087,Buoy/Water chem site B,main,47.049274,-84.399988,Wishart Lake
CHL0725,ST095,2000-09-15,2,1,500,14.1,0.006,0.02,0.012,0.011,Composite Tube/Tube composite,4.24,4.43,mg/L,WB087,Buoy/Water chem site B,main,47.049274,-84.399988,Wishart Lake
CHL0726,ST095,2000-09-15,2,2,500,15,0.032,0.049,0.04,0.039,Composite Tube/Tube composite,5.44,5.69,mg/L,WB087,Buoy/Water chem site B,main,47.049274,-84.399988,Wishart Lake
CHL0727,ST095,2000-09-15,3,1,500,16.8,0.001,0.01,0.003,0.003,Composite Tube/Tube composite,3.38,3.49,mg/L,WB087,Buoy/Water chem site B,main,47.049274,-84.399988,Wishart Lake
CHL0728,ST095,2000-09-15,3,2,500,13.8,0.003,0.017,0.009,0.008,Composite Tube/Tube composite,4.15,4.33,mg/L,WB087,Buoy/Water chem site B,main,47.049274,-84.399988,Wishart Lake
CHL0729,ST095,2000-09-20,1,1,500,13.8,0,0.015,0.004,0.003,Hand Draw/Prélèvement manuel,4.59,4.74,mg/L,WB087,Buoy/Water chem site B,main,47.049274,-84.399988,Wishart Lake
CHL0730,ST095,2000-09-20,2,2,400,14.7,0,0.009,0.003,0.002,Hand Draw/Prélèvement manuel,3.62,3.76,mg/L,WB087,Buoy/Water chem site B,main,47.049274,-84.399988,Wishart Lake
CHL0731,ST095,2000-09-20,2,1,500,11.9,0,0.013,0.004,0.003,Hand Draw/Prélèvement manuel,3.4,3.53,mg/L,WB087,Buoy/Water chem site B,main,47.049274,-84.399988,Wishart Lake
CHL0732,ST095,2000-09-20,3,2,500,13.5,0,0.012,0.003,0.003,Hand Draw/Prélèvement manuel,3.6,3.72,mg/L,WB087,Buoy/Water chem site B,main,47.049274,-84.399988,Wishart Lake
CHL0733,ST095,2000-09-20,3,1,500,13.8,0,0.012,0.004,0.004,Hand Draw/Prélèvement manuel,3.63,3.76,mg/L,WB087,Buoy/Water chem site B,main,47.049274,-84.399988,Wishart Lake
CHL0734,ST079,2000-10-03,1,NA,1000,16,0.005,0.034,0.013,0.012,NA,5.14,5.31,mg/L,WB075,Center Buoy/Water chem site B,main,46.73133333,-84.22058333,Quinn Lake
CHL0735,ST095,2000-10-03,1,NA,1000,13.1,0.004,0.018,0.007,0.008,NA,2.06,2.12,mg/L,WB087,Buoy/Water chem site B,main,47.049274,-84.399988,Wishart Lake
CHL0736,ST068,2000-10-11,1,NA,1000,12.7,0.002,0.006,0.002,0.002,Composite Tube/Tube composite,0.59,0.6,mg/L,WB066,Center Buoy/Water chem site B,main,47.06338,-84.390411,Lower Batchawana Lake
CHL0737,ST068,2000-10-11,2,NA,1000,11.1,0.001,0.007,0.002,0.002,Composite Tube/Tube composite,0.75,0.77,mg/L,WB066,Center Buoy/Water chem site B,main,47.06338,-84.390411,Lower Batchawana Lake
CHL0738,ST068,2000-10-11,3,NA,1000,11.2,0.002,0.006,0.003,0.002,Composite Tube/Tube composite,0.5,0.51,mg/L,WB066,Center Buoy/Water chem site B,main,47.06338,-84.390411,Lower Batchawana Lake
CHL0739,ST091,2000-10-11,1,NA,1000,13.3,0,0.007,0.003,0.001,Composite Tube/Tube composite,1,1.04,mg/L,WB085,Center Buoy/Water chem site B,main,47.066412,-84.394125,Upper Batchawana Lake
CHL0740,ST091,2000-10-11,2,NA,1000,13,0,0.009,0.003,0.001,Composite Tube/Tube composite,1.28,1.33,mg/L,WB085,Center Buoy/Water chem site B,main,47.066412,-84.394125,Upper Batchawana Lake
CHL0741,ST091,2000-10-11,3,NA,1000,11.9,0.002,0.01,0.003,0.004,Composite Tube/Tube composite,1.08,1.11,mg/L,WB085,Center Buoy/Water chem site B,main,47.066412,-84.394125,Upper Batchawana Lake
CHL0742,ST095,2000-10-11,1,NA,1000,11.8,0.004,0.014,0.006,0.006,Composite Tube/Tube composite,1.32,1.36,mg/L,WB087,Buoy/Water chem site B,main,47.049274,-84.399988,Wishart Lake
CHL0743,ST095,2000-10-11,2,NA,1000,12.5,0.001,0.01,0.004,0.003,Composite Tube/Tube composite,1.23,1.28,mg/L,WB087,Buoy/Water chem site B,main,47.049274,-84.399988,Wishart Lake
CHL0744,ST095,2000-10-11,3,NA,1000,12.2,0.004,0.014,0.007,0.006,Composite Tube/Tube composite,1.34,1.39,mg/L,WB087,Buoy/Water chem site B,main,47.049274,-84.399988,Wishart Lake
CHL0745,ST065,2000-10-11,1,NA,1000,12.6,0.001,0.01,0.004,0.003,Composite Tube/Tube composite,1.24,1.29,mg/L,NA,Center Buoy/Water chem site B,main,47.043396,-84.408613,Little Turkey Lake
CHL0746,ST065,2000-10-11,2,NA,1000,15.2,0,0.01,0.004,0.003,Composite Tube/Tube composite,1.64,1.71,mg/L,NA,Center Buoy/Water chem site B,main,47.043396,-84.408613,Little Turkey Lake
CHL0747,ST065,2000-10-11,3,NA,1000,14.3,0,0.011,0.003,0.002,Composite Tube/Tube composite,1.74,1.8,mg/L,NA,Center Buoy/Water chem site B,main,47.043396,-84.408613,Little Turkey Lake
CHL0748,ST079,2000-10-12,1,NA,1000,14.3,0.001,0.052,0.015,0.013,NA,8.07,8.35,mg/L,WB075,Center Buoy/Water chem site B,main,46.73133333,-84.22058333,Quinn Lake
CHL0749,ST079,2000-10-12,2,NA,1000,13.8,0.003,0.042,0.015,0.014,NA,5.92,6.13,mg/L,WB075,Center Buoy/Water chem site B,main,46.73133333,-84.22058333,Quinn Lake
CHL0750,ST079,2000-10-12,3,NA,1000,13.5,0,0.052,0.014,0.012,NA,7.78,8.04,mg/L,WB075,Center Buoy/Water chem site B,main,46.73133333,-84.22058333,Quinn Lake
CHL0751,ST065,2001-02-14,1,NA,1000,12.5,0.002,0.003,0.003,0.002,NA,0.12,0.13,mg/L,NA,Center Buoy/Water chem site B,main,47.043396,-84.408613,Little Turkey Lake
CHL0752,ST065,2001-02-14,2,NA,1000,13,0.001,0.002,0.001,0.001,NA,0.15,0.15,mg/L,NA,Center Buoy/Water chem site B,main,47.043396,-84.408613,Little Turkey Lake
CHL0753,ST065,2001-02-14,3,NA,1000,11.2,0.002,0.004,0.003,0.003,NA,0.24,0.25,mg/L,NA,Center Buoy/Water chem site B,main,47.043396,-84.408613,Little Turkey Lake
CHL0754,ST079,2001-02-21,1,NA,1000,14.7,0,0.004,0.002,0.002,Composite Tube/Tube composite,0.62,0.65,mg/L,WB075,Center Buoy/Water chem site B,main,46.73133333,-84.22058333,Quinn Lake
CHL0755,ST079,2001-02-21,2,NA,1000,13.1,0,0.005,0.002,0.002,Composite Tube/Tube composite,0.71,0.74,mg/L,WB075,Center Buoy/Water chem site B,main,46.73133333,-84.22058333,Quinn Lake
CHL0756,ST079,2001-02-21,3,NA,1000,16.5,0.002,0.005,0.003,0.002,Composite Tube/Tube composite,0.54,0.56,mg/L,WB075,Center Buoy/Water chem site B,main,46.73133333,-84.22058333,Quinn Lake
CHL0757,ST079,2001-05-08,1,NA,1000,12.5,0.001,0.035,0.011,0.008,Composite Tube/Tube composite,4.69,4.85,mg/L,WB075,Center Buoy/Water chem site B,main,46.73133333,-84.22058333,Quinn Lake
CHL0758,ST079,2001-05-08,2,NA,1000,12.4,0.001,0.032,0.011,0.008,Composite Tube/Tube composite,4.22,4.37,mg/L,WB075,Center Buoy/Water chem site B,main,46.73133333,-84.22058333,Quinn Lake
CHL0759,ST079,2001-05-08,3,NA,1000,12.5,0,0.031,0.01,0.007,Composite Tube/Tube composite,4.25,4.41,mg/L,WB075,Center Buoy/Water chem site B,main,46.73133333,-84.22058333,Quinn Lake
CHL0760,ST068,2001-05-09,1,NA,1000,14,0.001,0.021,0.008,0.005,Composite Tube/Tube composite,3.05,3.17,mg/L,WB066,Center Buoy/Water chem site B,main,47.06338,-84.390411,Lower Batchawana Lake
CHL0761,ST068,2001-05-09,2,NA,1000,12.2,0.001,0.024,0.008,0.006,Composite Tube/Tube composite,3.09,3.2,mg/L,WB066,Center Buoy/Water chem site B,main,47.06338,-84.390411,Lower Batchawana Lake
CHL0762,ST068,2001-05-09,3,NA,1000,12,0,0.019,0.007,0.004,Composite Tube/Tube composite,2.48,2.58,mg/L,WB066,Center Buoy/Water chem site B,main,47.06338,-84.390411,Lower Batchawana Lake
CHL0763,ST091,2001-05-09,1,NA,1000,11.8,0.002,0.018,0.006,0.006,Composite Tube/Tube composite,2.1,2.17,mg/L,WB085,Center Buoy/Water chem site B,main,47.066412,-84.394125,Upper Batchawana Lake
CHL0764,ST091,2001-05-09,2,NA,1000,11.9,0.001,0.017,0.005,0.004,Composite Tube/Tube composite,2.12,2.19,mg/L,WB085,Center Buoy/Water chem site B,main,47.066412,-84.394125,Upper Batchawana Lake
CHL0765,ST091,2001-05-09,3,NA,1000,11.7,0.001,0.018,0.005,0.005,Composite Tube/Tube composite,2.22,2.29,mg/L,WB085,Center Buoy/Water chem site B,main,47.066412,-84.394125,Upper Batchawana Lake
CHL0766,ST095,2001-05-09,1,NA,1000,11.6,0.001,0.012,0.003,0.003,Composite Tube/Tube composite,1.44,1.48,mg/L,WB087,Buoy/Water chem site B,main,47.049274,-84.399988,Wishart Lake
CHL0767,ST095,2001-05-09,2,NA,1000,13.9,0.003,0.012,0.004,0.005,Composite Tube/Tube composite,1.43,1.46,mg/L,WB087,Buoy/Water chem site B,main,47.049274,-84.399988,Wishart Lake
CHL0768,ST095,2001-05-09,3,NA,1000,13.5,0.001,0.012,0.003,0.003,Composite Tube/Tube composite,1.67,1.72,mg/L,WB087,Buoy/Water chem site B,main,47.049274,-84.399988,Wishart Lake
CHL0769,ST065,2001-05-09,1,NA,1000,10.3,0.001,0.02,0.006,0.005,Composite Tube/Tube composite,2.17,2.24,mg/L,NA,Center Buoy/Water chem site B,main,47.043396,-84.408613,Little Turkey Lake
CHL0770,ST065,2001-05-09,2,NA,1000,12,0,0.017,0.006,0.004,Composite Tube/Tube composite,2.22,2.31,mg/L,NA,Center Buoy/Water chem site B,main,47.043396,-84.408613,Little Turkey Lake
CHL0771,ST065,2001-05-09,3,NA,1000,12.3,0,0.015,0.006,0.004,Composite Tube/Tube composite,1.99,2.08,mg/L,NA,Center Buoy/Water chem site B,main,47.043396,-84.408613,Little Turkey Lake
CHL0772,ST079,2001-05-22,1,NA,1000,14.2,0,0.031,0.01,0.0085,Composite Tube/Tube composite,4.83,5.01,mg/L,WB075,Center Buoy/Water chem site B,main,46.73133333,-84.22058333,Quinn Lake
CHL0773,ST079,2001-05-22,2,NA,1000,16,0.001,0.025,0.008,0.006,Composite Tube/Tube composite,4.24,4.38,mg/L,WB075,Center Buoy/Water chem site B,main,46.73133333,-84.22058333,Quinn Lake
CHL0774,ST079,2001-05-22,3,NA,1000,13.4,0.002,0.031,0.0115,0.01,Composite Tube/Tube composite,4.26,4.42,mg/L,WB075,Center Buoy/Water chem site B,main,46.73133333,-84.22058333,Quinn Lake
CHL0775,ST068,2001-05-22,1,NA,1000,13.4,0.003,0.015,0.006,0.005,Composite Tube/Tube composite,1.79,1.85,mg/L,WB066,Center Buoy/Water chem site B,main,47.06338,-84.390411,Lower Batchawana Lake
CHL0776,ST068,2001-05-22,2,NA,1000,12.5,0,0.006,0.002,0.002,Composite Tube/Tube composite,0.82,0.85,mg/L,WB066,Center Buoy/Water chem site B,main,47.06338,-84.390411,Lower Batchawana Lake
CHL0777,ST068,2001-05-22,3,NA,1000,14.7,0.006,0.014,0.008,0.008,Composite Tube/Tube composite,1.31,1.35,mg/L,WB066,Center Buoy/Water chem site B,main,47.06338,-84.390411,Lower Batchawana Lake
CHL0778,ST091,2001-05-22,1,NA,1000,10.1,0.001,0.012,0.005,0.002,Composite Tube/Tube composite,1.21,1.26,mg/L,WB085,Center Buoy/Water chem site B,main,47.066412,-84.394125,Upper Batchawana Lake
CHL0779,ST091,2001-05-22,2,NA,1000,12,0.002,0.011,0.004,0.003,Composite Tube/Tube composite,1.21,1.24,mg/L,WB085,Center Buoy/Water chem site B,main,47.066412,-84.394125,Upper Batchawana Lake
CHL0780,ST091,2001-05-22,3,NA,1000,11.8,0.001,0.009,0.002,0.002,Composite Tube/Tube composite,1.07,1.1,mg/L,WB085,Center Buoy/Water chem site B,main,47.066412,-84.394125,Upper Batchawana Lake
CHL0781,ST095,2001-05-22,1,NA,1000,13.1,0.001,0.015,0.004,0.004,Composite Tube/Tube composite,2.05,2.12,mg/L,WB087,Buoy/Water chem site B,main,47.049274,-84.399988,Wishart Lake
CHL0782,ST095,2001-05-22,2,NA,1000,12.4,0.001,0.014,0.004,0.004,Composite Tube/Tube composite,1.8,1.86,mg/L,WB087,Buoy/Water chem site B,main,47.049274,-84.399988,Wishart Lake
CHL0783,ST095,2001-05-22,3,NA,1000,10,0,0.02,0.006,0.004,Composite Tube/Tube composite,2.2,2.28,mg/L,WB087,Buoy/Water chem site B,main,47.049274,-84.399988,Wishart Lake
CHL0784,ST065,2001-05-22,1,NA,1000,11.8,0,0.008,0.002,0.001,Composite Tube/Tube composite,1.05,1.08,mg/L,NA,Center Buoy/Water chem site B,main,47.043396,-84.408613,Little Turkey Lake
CHL0785,ST065,2001-05-22,2,NA,1000,12,0.003,0.012,0.005,0.004,Composite Tube/Tube composite,1.21,1.24,mg/L,NA,Center Buoy/Water chem site B,main,47.043396,-84.408613,Little Turkey Lake
CHL0786,ST065,2001-05-22,3,NA,1000,12.4,0,0.007,0.002,0.002,Composite Tube/Tube composite,0.96,0.99,mg/L,NA,Center Buoy/Water chem site B,main,47.043396,-84.408613,Little Turkey Lake
CHL0787,ST068,2001-06-20,1,NA,1000,13.7,0.001,0.024,0.007,0.005,Composite Tube/Tube composite,3.5,3.61,mg/L,WB066,Center Buoy/Water chem site B,main,47.06338,-84.390411,Lower Batchawana Lake
CHL0788,ST068,2001-06-20,2,NA,1000,12.5,0.002,0.026,0.008,0.007,Composite Tube/Tube composite,3.34,3.44,mg/L,WB066,Center Buoy/Water chem site B,main,47.06338,-84.390411,Lower Batchawana Lake
CHL0789,ST068,2001-06-20,3,NA,1000,11.4,0,0.026,0.007,0.006,Composite Tube/Tube composite,3.28,3.39,mg/L,WB066,Center Buoy/Water chem site B,main,47.06338,-84.390411,Lower Batchawana Lake
CHL0790,ST091,2001-06-20,1,NA,1000,15.2,0,0.014,0.005,0.003,Composite Tube/Tube composite,2.32,2.41,mg/L,WB085,Center Buoy/Water chem site B,main,47.066412,-84.394125,Upper Batchawana Lake
CHL0791,ST091,2001-06-20,2,NA,1000,12.3,0.001,0.022,0.007,0.005,Composite Tube/Tube composite,2.85,2.95,mg/L,WB085,Center Buoy/Water chem site B,main,47.066412,-84.394125,Upper Batchawana Lake
CHL0792,ST091,2001-06-20,3,NA,1000,13.6,0.001,0.015,0.004,0.002,Composite Tube/Tube composite,2.13,2.19,mg/L,WB085,Center Buoy/Water chem site B,main,47.066412,-84.394125,Upper Batchawana Lake
CHL0793,ST095,2001-06-20,1,1,500,11.5,0,0.024,0.006,0.004,Composite Tube/Tube composite,6.14,6.34,mg/L,WB087,Buoy/Water chem site B,main,47.049274,-84.399988,Wishart Lake
CHL0794,ST095,2001-06-20,1,2,500,11.6,0.012,0.033,0.017,0.014,Composite Tube/Tube composite,5.43,5.6,mg/L,WB087,Buoy/Water chem site B,main,47.049274,-84.399988,Wishart Lake
CHL0795,ST095,2001-06-20,2,1,500,12.7,0.003,0.024,0.008,0.007,Composite Tube/Tube composite,5.94,6.13,mg/L,WB087,Buoy/Water chem site B,main,47.049274,-84.399988,Wishart Lake
CHL0796,ST095,2001-06-20,2,2,500,14,0.001,0.019,0.005,0.004,Composite Tube/Tube composite,5.63,5.81,mg/L,WB087,Buoy/Water chem site B,main,47.049274,-84.399988,Wishart Lake
CHL0797,ST095,2001-06-20,3,1,500,12.3,0.001,0.02,0.005,0.005,Composite Tube/Tube composite,5.24,5.4,mg/L,WB087,Buoy/Water chem site B,main,47.049274,-84.399988,Wishart Lake
CHL0798,ST095,2001-06-20,3,2,500,12,0,0.02,0.005,0.004,Composite Tube/Tube composite,5.34,5.51,mg/L,WB087,Buoy/Water chem site B,main,47.049274,-84.399988,Wishart Lake
CHL0799,ST065,2001-06-20,1,NA,1000,11.8,0,0.013,0.003,0.002,Composite Tube/Tube composite,1.71,1.77,mg/L,NA,Center Buoy/Water chem site B,main,47.043396,-84.408613,Little Turkey Lake
CHL0800,ST065,2001-06-20,2,NA,1000,11.9,0.001,0.015,0.004,0.004,Composite Tube/Tube composite,1.87,1.92,mg/L,NA,Center Buoy/Water chem site B,main,47.043396,-84.408613,Little Turkey Lake
CHL0801,ST065,2001-06-20,3,NA,1000,12.7,0.006,0.019,0.009,0.009,Composite Tube/Tube composite,1.84,1.9,mg/L,NA,Center Buoy/Water chem site B,main,47.043396,-84.408613,Little Turkey Lake
CHL0802,ST079,2001-06-25,1,NA,1000,13.9,0.001,0.023,0.005,0.006,Composite Tube/Tube composite,3.45,3.54,mg/L,WB075,Center Buoy/Water chem site B,main,46.73133333,-84.22058333,Quinn Lake
CHL0803,ST079,2001-06-25,2,NA,1000,10.5,0.001,0.032,0.009,0.007,Composite Tube/Tube composite,3.61,3.73,mg/L,WB075,Center Buoy/Water chem site B,main,46.73133333,-84.22058333,Quinn Lake
CHL0804,ST079,2001-06-25,3,NA,1000,10.5,0.001,0.03,0.009,0.006,Composite Tube/Tube composite,3.37,3.48,mg/L,WB075,Center Buoy/Water chem site B,main,46.73133333,-84.22058333,Quinn Lake
CHL0805,ST079,2001-07-18,1,NA,1000,13.8,0.006,0.03,0.011,0.009,Composite Tube/Tube composite,3.71,3.82,mg/L,WB075,Center Buoy/Water chem site B,main,46.73133333,-84.22058333,Quinn Lake
CHL0806,ST079,2001-07-18,2,NA,1000,13.1,0.002,0.027,0.009,0.007,Composite Tube/Tube composite,3.62,3.74,mg/L,WB075,Center Buoy/Water chem site B,main,46.73133333,-84.22058333,Quinn Lake
CHL0807,ST079,2001-07-18,3,NA,1000,13,0.002,0.028,0.009,0.007,Composite Tube/Tube composite,3.74,3.87,mg/L,WB075,Center Buoy/Water chem site B,main,46.73133333,-84.22058333,Quinn Lake
CHL0808,ST068,2001-07-18,1,NA,1000,12,0.001,0.034,0.01,0.007,Composite Tube/Tube composite,4.38,4.53,mg/L,WB066,Center Buoy/Water chem site B,main,47.06338,-84.390411,Lower Batchawana Lake
CHL0809,ST068,2001-07-18,2,NA,1000,11.4,0.001,0.038,0.01,0.008,Composite Tube/Tube composite,4.7,4.85,mg/L,WB066,Center Buoy/Water chem site B,main,47.06338,-84.390411,Lower Batchawana Lake
CHL0810,ST068,2001-07-18,3,NA,1000,11.1,0.002,0.041,0.011,0.01,Composite Tube/Tube composite,4.83,4.98,mg/L,WB066,Center Buoy/Water chem site B,main,47.06338,-84.390411,Lower Batchawana Lake
CHL0811,ST091,2001-07-18,1,NA,1000,15.7,0.001,0.012,0.003,0.002,Composite Tube/Tube composite,1.94,2,mg/L,WB085,Center Buoy/Water chem site B,main,47.066412,-84.394125,Upper Batchawana Lake
CHL0812,ST091,2001-07-18,2,NA,1000,14.2,0.002,0.015,0.004,0.004,Composite Tube/Tube composite,2.09,2.15,mg/L,WB085,Center Buoy/Water chem site B,main,47.066412,-84.394125,Upper Batchawana Lake
CHL0813,ST091,2001-07-18,3,NA,1000,13,0.002,0.016,0.006,0.004,Composite Tube/Tube composite,2.01,2.08,mg/L,WB085,Center Buoy/Water chem site B,main,47.066412,-84.394125,Upper Batchawana Lake
CHL0814,ST095,2001-07-18,2,1,500,10.7,0.001,0.021,0.006,0.005,Composite Tube/Tube composite,4.76,4.91,mg/L,WB087,Buoy/Water chem site B,main,47.049274,-84.399988,Wishart Lake
CHL0815,ST095,2001-07-18,2,2,500,15.9,0.001,0.016,0.004,0.003,Composite Tube/Tube composite,5.35,5.51,mg/L,WB087,Buoy/Water chem site B,main,47.049274,-84.399988,Wishart Lake
CHL0816,ST095,2001-07-18,3,1,500,11.6,0.002,0.017,0.007,0.006,Composite Tube/Tube composite,3.81,3.95,mg/L,WB087,Buoy/Water chem site B,main,47.049274,-84.399988,Wishart Lake
CHL0817,ST095,2001-07-18,3,2,500,10.6,0.001,0.021,0.006,0.005,Composite Tube/Tube composite,4.71,4.87,mg/L,WB087,Buoy/Water chem site B,main,47.049274,-84.399988,Wishart Lake
CHL0818,ST065,2001-07-18,1,NA,1000,11.4,0.001,0.015,0.004,0.003,Composite Tube/Tube composite,1.79,1.84,mg/L,NA,Center Buoy/Water chem site B,main,47.043396,-84.408613,Little Turkey Lake
CHL0819,ST065,2001-07-18,2,NA,1000,12.6,0.001,0.016,0.009,0.004,Composite Tube/Tube composite,1.99,2.09,mg/L,NA,Center Buoy/Water chem site B,main,47.043396,-84.408613,Little Turkey Lake
CHL0820,ST065,2001-07-18,3,NA,1000,11.4,0.001,0.011,0.003,0.002,Composite Tube/Tube composite,1.28,1.32,mg/L,NA,Center Buoy/Water chem site B,main,47.043396,-84.408613,Little Turkey Lake
CHL0821,ST079,2001-08-15,1,1,500,10.9,0.002,0.009,0.005,0.004,Composite Tube/Tube composite,1.64,1.71,mg/L,WB075,Center Buoy/Water chem site B,main,46.73133333,-84.22058333,Quinn Lake
CHL0822,ST079,2001-08-15,1,2,500,13.6,0.001,0.006,0.002,0.002,Composite Tube/Tube composite,1.53,1.57,mg/L,WB075,Center Buoy/Water chem site B,main,46.73133333,-84.22058333,Quinn Lake
CHL0823,ST079,2001-08-15,2,1,500,11.7,0.002,0.007,0.003,0.002,Composite Tube/Tube composite,1.31,1.35,mg/L,WB075,Center Buoy/Water chem site B,main,46.73133333,-84.22058333,Quinn Lake
CHL0824,ST079,2001-08-15,2,2,500,13.2,0.001,0.007,0.002,0,Composite Tube/Tube composite,1.78,1.83,mg/L,WB075,Center Buoy/Water chem site B,main,46.73133333,-84.22058333,Quinn Lake
CHL0825,ST079,2001-08-15,3,1,500,11.2,0,0.007,0.002,0,Composite Tube/Tube composite,1.73,1.79,mg/L,WB075,Center Buoy/Water chem site B,main,46.73133333,-84.22058333,Quinn Lake
CHL0826,ST079,2001-08-15,3,2,500,14,0.003,0.009,0.005,0.003,Composite Tube/Tube composite,1.83,1.9,mg/L,WB075,Center Buoy/Water chem site B,main,46.73133333,-84.22058333,Quinn Lake
CHL0827,ST068,2001-08-15,1,1,500,10,0.006,0.015,0.01,0.009,Composite Tube/Tube composite,1.93,2.01,mg/L,WB066,Center Buoy/Water chem site B,main,47.06338,-84.390411,Lower Batchawana Lake
CHL0828,ST068,2001-08-15,1,2,500,12.1,0.006,0.013,0.01,0.01,Composite Tube/Tube composite,1.77,1.87,mg/L,WB066,Center Buoy/Water chem site B,main,47.06338,-84.390411,Lower Batchawana Lake
CHL0829,ST068,2001-08-15,2,1,500,12.3,0.001,0.004,0.001,0.001,Composite Tube/Tube composite,0.86,0.87,mg/L,WB066,Center Buoy/Water chem site B,main,47.06338,-84.390411,Lower Batchawana Lake
CHL0830,ST068,2001-08-15,2,2,500,11.2,0,0.005,0.004,0.002,Composite Tube/Tube composite,1.11,1.19,mg/L,WB066,Center Buoy/Water chem site B,main,47.06338,-84.390411,Lower Batchawana Lake
CHL0831,ST068,2001-08-15,3,2,500,11.5,0,0.007,0.002,0.001,Composite Tube/Tube composite,1.78,1.84,mg/L,WB066,Center Buoy/Water chem site B,main,47.06338,-84.390411,Lower Batchawana Lake
CHL0832,ST068,2001-08-15,3,1,500,12.5,0.001,0.007,0.002,0.001,Composite Tube/Tube composite,1.69,1.74,mg/L,WB066,Center Buoy/Water chem site B,main,47.06338,-84.390411,Lower Batchawana Lake
CHL0833,ST091,2001-08-15,1,1,500,12.4,0.001,0.007,0.004,0.003,Composite Tube/Tube composite,1.58,1.65,mg/L,WB085,Center Buoy/Water chem site B,main,47.066412,-84.394125,Upper Batchawana Lake
CHL0834,ST091,2001-08-15,1,2,500,12.7,0,0.003,0.001,0.001,Composite Tube/Tube composite,0.83,0.87,mg/L,WB085,Center Buoy/Water chem site B,main,47.066412,-84.394125,Upper Batchawana Lake
CHL0835,ST091,2001-08-15,2,1,500,11.4,0,0.004,0.001,0,Composite Tube/Tube composite,1.01,1.05,mg/L,WB085,Center Buoy/Water chem site B,main,47.066412,-84.394125,Upper Batchawana Lake
CHL0836,ST091,2001-08-15,2,2,500,11.2,0.005,0.009,0.006,0.006,Composite Tube/Tube composite,1,1.03,mg/L,WB085,Center Buoy/Water chem site B,main,47.066412,-84.394125,Upper Batchawana Lake
CHL0837,ST091,2001-08-15,3,1,500,11.9,0,0.004,0.001,0.001,Composite Tube/Tube composite,1.06,1.09,mg/L,WB085,Center Buoy/Water chem site B,main,47.066412,-84.394125,Upper Batchawana Lake
CHL0838,ST091,2001-08-15,3,2,500,11.3,0,0.004,0.001,0.001,Composite Tube/Tube composite,1.01,1.04,mg/L,WB085,Center Buoy/Water chem site B,main,47.066412,-84.394125,Upper Batchawana Lake
CHL0839,ST095,2001-08-15,1,1,500,13.3,0.003,0.014,0.005,0.004,Composite Tube/Tube composite,3.29,3.39,mg/L,WB087,Buoy/Water chem site B,main,47.049274,-84.399988,Wishart Lake
CHL0840,ST095,2001-08-15,1,2,500,13.3,0.004,0.017,0.007,0.005,Composite Tube/Tube composite,3.86,3.98,mg/L,WB087,Buoy/Water chem site B,main,47.049274,-84.399988,Wishart Lake
CHL0841,ST095,2001-08-15,2,2,500,14.8,0.002,0.01,0.003,0.001,Composite Tube/Tube composite,2.69,2.76,mg/L,WB087,Buoy/Water chem site B,main,47.049274,-84.399988,Wishart Lake
CHL0842,ST095,2001-08-15,2,1,500,13.7,0.002,0.013,0.005,0.005,Composite Tube/Tube composite,3.34,3.45,mg/L,WB087,Buoy/Water chem site B,main,47.049274,-84.399988,Wishart Lake
CHL0843,ST095,2001-08-15,3,1,500,13.3,0.001,0.012,0.004,0.002,Composite Tube/Tube composite,3.24,3.35,mg/L,WB087,Buoy/Water chem site B,main,47.049274,-84.399988,Wishart Lake
CHL0844,ST095,2001-08-15,3,2,500,10.9,0.009,0.022,0.013,0.012,Composite Tube/Tube composite,3.12,3.23,mg/L,WB087,Buoy/Water chem site B,main,47.049274,-84.399988,Wishart Lake
CHL0845,ST065,2001-08-15,1,1,500,13.2,0.001,0.005,0.002,0.001,Composite Tube/Tube composite,1.17,1.21,mg/L,NA,Center Buoy/Water chem site B,main,47.043396,-84.408613,Little Turkey Lake
CHL0846,ST065,2001-08-15,1,2,500,14.6,0.001,0.006,0.002,0,Composite Tube/Tube composite,1.63,1.68,mg/L,NA,Center Buoy/Water chem site B,main,47.043396,-84.408613,Little Turkey Lake
CHL0847,ST065,2001-08-15,2,1,500,13.6,0.002,0.006,0.002,0,Composite Tube/Tube composite,1.26,1.28,mg/L,NA,Center Buoy/Water chem site B,main,47.043396,-84.408613,Little Turkey Lake
CHL0848,ST065,2001-08-15,2,2,500,13,0.001,0.006,0.002,0,Composite Tube/Tube composite,1.45,1.5,mg/L,NA,Center Buoy/Water chem site B,main,47.043396,-84.408613,Little Turkey Lake
CHL0849,ST065,2001-08-15,3,1,500,13,0,0.004,0.001,0.001,Composite Tube/Tube composite,1.16,1.19,mg/L,NA,Center Buoy/Water chem site B,main,47.043396,-84.408613,Little Turkey Lake
CHL0850,ST065,2001-08-15,3,2,500,13.1,0.005,0.009,0.007,0.006,Composite Tube/Tube composite,1.11,1.16,mg/L,NA,Center Buoy/Water chem site B,main,47.043396,-84.408613,Little Turkey Lake
CHL0851,ST068,2001-09-11,1,NA,1000,12,0.001,0.012,0.004,0.004,Composite Tube/Tube composite,1.46,1.51,mg/L,WB066,Center Buoy/Water chem site B,main,47.06338,-84.390411,Lower Batchawana Lake
CHL0852,ST068,2001-09-11,2,NA,1000,11,0.001,0.012,0.003,0.003,Composite Tube/Tube composite,1.36,1.4,mg/L,WB066,Center Buoy/Water chem site B,main,47.06338,-84.390411,Lower Batchawana Lake
CHL0853,ST068,2001-09-11,3,NA,1000,11.8,0,0.012,0.003,0.003,Composite Tube/Tube composite,1.58,1.63,mg/L,WB066,Center Buoy/Water chem site B,main,47.06338,-84.390411,Lower Batchawana Lake
CHL0854,ST091,2001-09-11,1,NA,1000,14.3,0.001,0.015,0.004,0.004,Composite Tube/Tube composite,2.24,2.31,mg/L,WB085,Center Buoy/Water chem site B,main,47.066412,-84.394125,Upper Batchawana Lake
CHL0855,ST091,2001-09-11,2,NA,1000,12.3,0.002,0.014,0.005,0.004,Composite Tube/Tube composite,1.64,1.69,mg/L,WB085,Center Buoy/Water chem site B,main,47.066412,-84.394125,Upper Batchawana Lake
CHL0856,ST091,2001-09-11,3,NA,1000,11.8,0,0.015,0.004,0.004,Composite Tube/Tube composite,1.96,2.03,mg/L,WB085,Center Buoy/Water chem site B,main,47.066412,-84.394125,Upper Batchawana Lake
CHL0857,ST095,2001-09-11,1,1,510,11.8,0.001,0.018,0.004,0.004,Composite Tube/Tube composite,4.44,4.56,mg/L,WB087,Buoy/Water chem site B,main,47.049274,-84.399988,Wishart Lake
CHL0858,ST095,2001-09-11,1,2,500,12.8,0.001,0.016,0.004,0.003,Composite Tube/Tube composite,4.31,4.44,mg/L,WB087,Buoy/Water chem site B,main,47.049274,-84.399988,Wishart Lake
CHL0859,ST095,2001-09-11,2,1,500,12.5,0,0.011,0.002,0.002,Composite Tube/Tube composite,3.1,3.19,mg/L,WB087,Buoy/Water chem site B,main,47.049274,-84.399988,Wishart Lake
CHL0860,ST095,2001-09-11,2,2,500,12.6,0.002,0.02,0.005,0.005,Composite Tube/Tube composite,5.12,5.26,mg/L,WB087,Buoy/Water chem site B,main,47.049274,-84.399988,Wishart Lake
CHL0861,ST095,2001-09-11,3,1,500,14.3,0.002,0.016,0.006,0.005,Composite Tube/Tube composite,4.42,4.58,mg/L,WB087,Buoy/Water chem site B,main,47.049274,-84.399988,Wishart Lake
CHL0862,ST095,2001-09-11,3,2,500,12.8,0.001,0.018,0.005,0.005,Composite Tube/Tube composite,4.85,5.01,mg/L,WB087,Buoy/Water chem site B,main,47.049274,-84.399988,Wishart Lake
CHL0863,ST065,2001-09-11,1,NA,1000,14.7,0.002,0.015,0.005,0.005,Composite Tube/Tube composite,2.13,2.2,mg/L,NA,Center Buoy/Water chem site B,main,47.043396,-84.408613,Little Turkey Lake
CHL0864,ST065,2001-09-11,2,NA,1000,13.1,0,0.016,0.004,0.004,Composite Tube/Tube composite,2.33,2.41,mg/L,NA,Center Buoy/Water chem site B,main,47.043396,-84.408613,Little Turkey Lake
CHL0865,ST065,2001-09-11,3,NA,1000,14.2,0.001,0.016,0.005,0.004,Composite Tube/Tube composite,2.36,2.44,mg/L,NA,Center Buoy/Water chem site B,main,47.043396,-84.408613,Little Turkey Lake
CHL0866,ST079,2001-09-17,1,NA,1000,12.1,0.001,0.033,0.008,0.008,Composite Tube/Tube composite,4.33,4.46,mg/L,WB075,Center Buoy/Water chem site B,main,46.73133333,-84.22058333,Quinn Lake
CHL0867,ST079,2001-09-17,2,NA,1000,12.4,0.001,0.03,0.008,0.008,Composite Tube/Tube composite,4.01,4.13,mg/L,WB075,Center Buoy/Water chem site B,main,46.73133333,-84.22058333,Quinn Lake
CHL0868,ST079,2001-09-17,3,NA,1000,12.8,0.001,0.031,0.008,0.007,Composite Tube/Tube composite,4.28,4.42,mg/L,WB075,Center Buoy/Water chem site B,main,46.73133333,-84.22058333,Quinn Lake
CHL0869,ST068,2001-10-10,1,NA,915,11.6,0.001,0.01,0.003,0.003,Composite Tube/Tube composite,1.28,1.32,mg/L,WB066,Center Buoy/Water chem site B,main,47.06338,-84.390411,Lower Batchawana Lake
CHL0870,ST068,2001-10-10,2,NA,930,12.2,0.005,0.015,0.007,0.007,Composite Tube/Tube composite,1.47,1.52,mg/L,WB066,Center Buoy/Water chem site B,main,47.06338,-84.390411,Lower Batchawana Lake
CHL0871,ST068,2001-10-10,3,NA,920,10.1,0.001,0.014,0.005,0.004,Composite Tube/Tube composite,1.57,1.63,mg/L,WB066,Center Buoy/Water chem site B,main,47.06338,-84.390411,Lower Batchawana Lake
CHL0872,ST091,2001-10-10,1,NA,1000,14.1,0.002,0.011,0.003,0.003,Composite Tube/Tube composite,1.45,1.48,mg/L,WB085,Center Buoy/Water chem site B,main,47.066412,-84.394125,Upper Batchawana Lake
CHL0873,ST091,2001-10-10,2,NA,1000,13,0.003,0.016,0.006,0.006,Composite Tube/Tube composite,1.89,1.95,mg/L,WB085,Center Buoy/Water chem site B,main,47.066412,-84.394125,Upper Batchawana Lake
CHL0874,ST091,2001-10-10,3,NA,1000,14.9,0.001,0.01,0.003,0.003,Composite Tube/Tube composite,1.5,1.55,mg/L,WB085,Center Buoy/Water chem site B,main,47.066412,-84.394125,Upper Batchawana Lake
CHL0875,ST095,2001-10-10,1,NA,1000,11.8,0.003,0.052,0.015,0.014,Composite Tube/Tube composite,6.44,6.64,mg/L,WB087,Buoy/Water chem site B,main,47.049274,-84.399988,Wishart Lake
CHL0876,ST095,2001-10-10,2,NA,1000,13.3,0.016,0.061,0.028,0.027,Composite Tube/Tube composite,6.64,6.86,mg/L,WB087,Buoy/Water chem site B,main,47.049274,-84.399988,Wishart Lake
CHL0877,ST095,2001-10-10,3,NA,990,12.3,0.001,0.047,0.012,0.01,Composite Tube/Tube composite,6.37,6.57,mg/L,WB087,Buoy/Water chem site B,main,47.049274,-84.399988,Wishart Lake
CHL0878,ST065,2001-10-10,1,NA,880,11.8,0.002,0.014,0.004,0.003,NA,1.82,1.87,mg/L,NA,Center Buoy/Water chem site B,main,47.043396,-84.408613,Little Turkey Lake
CHL0879,ST065,2001-10-10,2,NA,899,13.4,0.001,0.014,0.004,0.003,NA,2.16,2.23,mg/L,NA,Center Buoy/Water chem site B,main,47.043396,-84.408613,Little Turkey Lake
CHL0880,ST065,2001-10-10,3,NA,870,11.8,0.001,0.013,0.003,0.003,NA,1.84,1.89,mg/L,NA,Center Buoy/Water chem site B,main,47.043396,-84.408613,Little Turkey Lake
CHL0881,ST079,2001-10-11,1,NA,1000,11.1,0.002,0.032,0.01,0.009,Composite Tube/Tube composite,3.69,3.82,mg/L,WB075,Center Buoy/Water chem site B,main,46.73133333,-84.22058333,Quinn Lake
CHL0882,ST079,2001-10-11,2,NA,1000,11,0.001,0.028,0.008,0.008,Composite Tube/Tube composite,3.3,3.41,mg/L,WB075,Center Buoy/Water chem site B,main,46.73133333,-84.22058333,Quinn Lake
CHL0883,ST079,2001-10-11,3,NA,1000,11.4,0.001,0.029,0.007,0.007,Composite Tube/Tube composite,3.57,3.68,mg/L,WB075,Center Buoy/Water chem site B,main,46.73133333,-84.22058333,Quinn Lake
CHL0884,ST095,2001-11-13,1,NA,1000,10.7,0.001,0.012,0.003,0.002,Composite Tube/Tube composite,1.32,1.36,mg/L,WB087,Buoy/Water chem site B,main,47.049274,-84.399988,Wishart Lake
CHL0885,ST095,2001-11-13,2,NA,1000,12.4,0.001,0.011,0.002,0.002,Composite Tube/Tube composite,1.42,1.45,mg/L,WB087,Buoy/Water chem site B,main,47.049274,-84.399988,Wishart Lake
CHL0886,ST095,2001-11-13,3,NA,1000,11.9,0.001,0.011,0.003,0.002,Composite Tube/Tube composite,1.33,1.37,mg/L,WB087,Buoy/Water chem site B,main,47.049274,-84.399988,Wishart Lake
CHL0887,ST065,2001-11-13,1,NA,1000,12.5,0.002,0.02,0.007,0.005,Composite Tube/Tube composite,2.49,2.57,mg/L,NA,Center Buoy/Water chem site B,main,47.043396,-84.408613,Little Turkey Lake
CHL0888,ST065,2001-11-13,2,NA,1000,12.3,0.001,0.02,0.005,0.004,Composite Tube/Tube composite,2.62,2.7,mg/L,NA,Center Buoy/Water chem site B,main,47.043396,-84.408613,Little Turkey Lake
CHL0889,ST065,2001-11-13,3,NA,1000,11.6,0.002,0.023,0.006,0.006,Composite Tube/Tube composite,2.74,2.82,mg/L,NA,Center Buoy/Water chem site B,main,47.043396,-84.408613,Little Turkey Lake
CHL0890,ST079,2001-11-14,1,NA,1000,11.5,0.002,0.076,0.021,0.019,Composite Tube/Tube composite,9.45,9.76,mg/L,WB075,Center Buoy/Water chem site B,main,46.73133333,-84.22058333,Quinn Lake
CHL0891,ST079,2001-11-14,2,NA,1000,12.3,0.002,0.071,0.019,0.017,Composite Tube/Tube composite,9.45,9.75,mg/L,WB075,Center Buoy/Water chem site B,main,46.73133333,-84.22058333,Quinn Lake
CHL0892,ST079,2001-11-14,3,NA,1000,14.5,0.003,0.063,0.018,0.016,Composite Tube/Tube composite,9.68,9.99,mg/L,WB075,Center Buoy/Water chem site B,main,46.73133333,-84.22058333,Quinn Lake
CHL0893,ST068,2002-05-15,1,NA,1000,10.1,0.005,0.025,0.013,0.011,Composite Tube/Tube composite,2.18,2.27,mg/L,WB066,Center Buoy/Water chem site B,main,47.06338,-84.390411,Lower Batchawana Lake
CHL0894,ST068,2002-05-15,2,NA,1000,9.5,0.002,0.02,0.006,0.005,Composite Tube/Tube composite,1.91,1.97,mg/L,WB066,Center Buoy/Water chem site B,main,47.06338,-84.390411,Lower Batchawana Lake
CHL0895,ST091,2002-05-15,1,NA,1000,12.4,0.002,0.012,0.004,0.003,Composite Tube/Tube composite,1.39,1.43,mg/L,WB085,Center Buoy/Water chem site B,main,47.066412,-84.394125,Upper Batchawana Lake
CHL0896,ST091,2002-05-15,2,NA,1000,10.5,0.006,0.018,0.009,0.008,Composite Tube/Tube composite,1.4,1.45,mg/L,WB085,Center Buoy/Water chem site B,main,47.066412,-84.394125,Upper Batchawana Lake
CHL0897,ST091,2002-05-15,3,NA,1000,10.3,0.001,0.014,0.004,0.003,Composite Tube/Tube composite,1.49,1.54,mg/L,WB085,Center Buoy/Water chem site B,main,47.066412,-84.394125,Upper Batchawana Lake
CHL0898,ST095,2002-05-15,1,NA,1000,11.7,0.003,0.008,0.003,0.003,Composite Tube/Tube composite,0.68,0.69,mg/L,WB087,Buoy/Water chem site B,main,47.049274,-84.399988,Wishart Lake
CHL0899,ST095,2002-05-15,2,NA,1000,12.1,0.001,0.008,0.002,0.002,Composite Tube/Tube composite,0.96,0.99,mg/L,WB087,Buoy/Water chem site B,main,47.049274,-84.399988,Wishart Lake
CHL0900,ST095,2002-05-15,3,NA,1000,10.5,0.005,0.012,0.006,0.006,Composite Tube/Tube composite,0.83,0.86,mg/L,WB087,Buoy/Water chem site B,main,47.049274,-84.399988,Wishart Lake
CHL0901,ST065,2002-05-15,1,NA,840,10.2,0.001,0.009,0.002,0.002,Composite Tube/Tube composite,1.11,1.13,mg/L,NA,Center Buoy/Water chem site B,main,47.043396,-84.408613,Little Turkey Lake
CHL0902,ST065,2002-05-15,2,NA,940,10.5,0,0.009,0.002,0.002,Composite Tube/Tube composite,1.12,1.16,mg/L,NA,Center Buoy/Water chem site B,main,47.043396,-84.408613,Little Turkey Lake
CHL0903,ST065,2002-05-15,3,NA,925,10.6,0.001,0.009,0.003,0.002,Composite Tube/Tube composite,1.02,1.05,mg/L,NA,Center Buoy/Water chem site B,main,47.043396,-84.408613,Little Turkey Lake
CHL0904,ST079,2002-05-30,1,NA,1000,11,0.001,0.023,0.008,0.007,Composite Tube/Tube composite,2.66,2.75,mg/L,WB075,Center Buoy/Water chem site B,main,46.73133333,-84.22058333,Quinn Lake
CHL0905,ST079,2002-05-30,2,NA,1000,10.5,0.001,0.026,0.009,0.008,Composite Tube/Tube composite,2.88,2.99,mg/L,WB075,Center Buoy/Water chem site B,main,46.73133333,-84.22058333,Quinn Lake
CHL0906,ST079,2002-05-30,3,NA,1000,11.1,0.001,0.028,0.009,0.008,Composite Tube/Tube composite,3.3,3.42,mg/L,WB075,Center Buoy/Water chem site B,main,46.73133333,-84.22058333,Quinn Lake
CHL0907,ST068,2002-05-30,1,NA,1000,10.5,0.004,0.013,0.007,0.007,Composite Tube/Tube composite,1.04,1.07,mg/L,WB066,Center Buoy/Water chem site B,main,47.06338,-84.390411,Lower Batchawana Lake
CHL0908,ST068,2002-05-30,2,NA,1000,10.3,0.001,0.012,0.005,0.003,Composite Tube/Tube composite,1.23,1.28,mg/L,WB066,Center Buoy/Water chem site B,main,47.06338,-84.390411,Lower Batchawana Lake
CHL0909,ST068,2002-05-30,3,2,500,11.3,0.001,0.006,0.003,0,Composite Tube/Tube composite,1.22,1.27,mg/L,WB066,Center Buoy/Water chem site B,main,47.06338,-84.390411,Lower Batchawana Lake
CHL0910,ST068,2002-05-30,3,1,500,12,0.002,0.006,0.002,0.001,Composite Tube/Tube composite,1.12,1.14,mg/L,WB066,Center Buoy/Water chem site B,main,47.06338,-84.390411,Lower Batchawana Lake
CHL0911,ST091,2002-05-30,1,NA,1000,11.6,0.002,0.012,0.004,0.003,Composite Tube/Tube composite,1.3,1.34,mg/L,WB085,Center Buoy/Water chem site B,main,47.066412,-84.394125,Upper Batchawana Lake
CHL0912,ST091,2002-05-30,2,NA,1000,11.6,0,0.011,0.004,0.003,Composite Tube/Tube composite,1.39,1.44,mg/L,WB085,Center Buoy/Water chem site B,main,47.066412,-84.394125,Upper Batchawana Lake
CHL0913,ST091,2002-05-30,3,NA,1000,10.7,0.002,0.012,0.005,0.004,Composite Tube/Tube composite,1.18,1.22,mg/L,WB085,Center Buoy/Water chem site B,main,47.066412,-84.394125,Upper Batchawana Lake
CHL0914,ST095,2002-05-30,1,NA,1000,11.3,0.001,0.007,0.002,0.001,Composite Tube/Tube composite,0.76,0.79,mg/L,WB087,Buoy/Water chem site B,main,47.049274,-84.399988,Wishart Lake
CHL0915,ST095,2002-05-30,2,NA,1000,11.8,0.001,0.006,0.002,0.001,Composite Tube/Tube composite,0.66,0.68,mg/L,WB087,Buoy/Water chem site B,main,47.049274,-84.399988,Wishart Lake
CHL0916,ST095,2002-05-30,3,NA,1000,12.2,0.001,0.005,0.002,0.001,Composite Tube/Tube composite,0.54,0.56,mg/L,WB087,Buoy/Water chem site B,main,47.049274,-84.399988,Wishart Lake
CHL0917,ST065,2002-05-30,1,NA,1000,10.4,0.002,0.01,0.003,0.002,Composite Tube/Tube composite,0.95,0.97,mg/L,NA,Center Buoy/Water chem site B,main,47.043396,-84.408613,Little Turkey Lake
CHL0918,ST065,2002-05-30,2,NA,1000,11,0.001,0.007,0.003,0.001,Composite Tube/Tube composite,0.72,0.75,mg/L,NA,Center Buoy/Water chem site B,main,47.043396,-84.408613,Little Turkey Lake
CHL0919,ST065,2002-05-30,3,NA,1000,10.9,0.001,0.01,0.003,0.001,Composite Tube/Tube composite,1.09,1.13,mg/L,NA,Center Buoy/Water chem site B,main,47.043396,-84.408613,Little Turkey Lake
CHL0920,ST079,2002-06-25,1,NA,935,9.9,0.004,0.039,0.014,0.01,NA,4.09,4.23,mg/L,WB075,Center Buoy/Water chem site B,main,46.73133333,-84.22058333,Quinn Lake
CHL0921,ST068,2002-06-25,1,NA,1000,10.2,0.001,0.02,0.007,0.004,Composite Tube/Tube composite,2.13,2.2,mg/L,WB066,Center Buoy/Water chem site B,main,47.06338,-84.390411,Lower Batchawana Lake
CHL0922,ST068,2002-06-25,2,NA,1000,15.5,0.001,0.012,0.004,0.003,Composite Tube/Tube composite,1.89,1.95,mg/L,WB066,Center Buoy/Water chem site B,main,47.06338,-84.390411,Lower Batchawana Lake
CHL0923,ST068,2002-06-25,3,NA,810,12.2,0,0.015,0.006,0.003,Composite Tube/Tube composite,2.44,2.54,mg/L,WB066,Center Buoy/Water chem site B,main,47.06338,-84.390411,Lower Batchawana Lake
CHL0924,ST091,2002-06-25,1,NA,1000,10.5,0.001,0.026,0.009,0.006,Composite Tube/Tube composite,2.88,2.99,mg/L,WB085,Center Buoy/Water chem site B,main,47.066412,-84.394125,Upper Batchawana Lake
CHL0925,ST091,2002-06-25,2,NA,1000,12.6,0.002,0.023,0.008,0.006,Composite Tube/Tube composite,2.92,3.02,mg/L,WB085,Center Buoy/Water chem site B,main,47.066412,-84.394125,Upper Batchawana Lake
CHL0926,ST091,2002-06-25,3,NA,1000,12,0.001,0.024,0.007,0.005,Composite Tube/Tube composite,3.06,3.16,mg/L,WB085,Center Buoy/Water chem site B,main,47.066412,-84.394125,Upper Batchawana Lake
CHL0927,ST095,2002-06-25,1,2,500,10,0.003,0.022,0.01,0.008,Composite Tube/Tube composite,4.13,4.3,mg/L,WB087,Buoy/Water chem site B,main,47.049274,-84.399988,Wishart Lake
CHL0928,ST095,2002-06-25,1,1,500,11.8,0.002,0.022,0.007,0.006,Composite Tube/Tube composite,5.25,5.42,mg/L,WB087,Buoy/Water chem site B,main,47.049274,-84.399988,Wishart Lake
CHL0929,ST095,2002-06-25,2,2,500,10,0.003,0.032,0.014,0.013,Composite Tube/Tube composite,6.3,6.55,mg/L,WB087,Buoy/Water chem site B,main,47.049274,-84.399988,Wishart Lake
CHL0930,ST095,2002-06-25,2,1,500,10,0.001,0.027,0.009,0.006,Composite Tube/Tube composite,5.72,5.92,mg/L,WB087,Buoy/Water chem site B,main,47.049274,-84.399988,Wishart Lake
CHL0931,ST095,2002-06-25,3,2,500,13.7,0.003,0.024,0.01,0.007,Composite Tube/Tube composite,6.29,6.53,mg/L,WB087,Buoy/Water chem site B,main,47.049274,-84.399988,Wishart Lake
CHL0932,ST095,2002-06-25,3,1,500,11.1,0.002,0.027,0.011,0.008,Composite Tube/Tube composite,6.04,6.28,mg/L,WB087,Buoy/Water chem site B,main,47.049274,-84.399988,Wishart Lake
CHL0933,ST065,2002-06-25,1,NA,1000,12.6,0.001,0.02,0.007,0.005,Composite Tube/Tube composite,2.63,2.72,mg/L,NA,Center Buoy/Water chem site B,main,47.043396,-84.408613,Little Turkey Lake
CHL0934,ST065,2002-06-25,2,NA,1000,10.6,0.002,0.022,0.007,0.005,Composite Tube/Tube composite,2.36,2.43,mg/L,NA,Center Buoy/Water chem site B,main,47.043396,-84.408613,Little Turkey Lake
CHL0935,ST065,2002-06-25,3,NA,1000,10.6,0.004,0.022,0.009,0.007,Composite Tube/Tube composite,2.11,2.18,mg/L,NA,Center Buoy/Water chem site B,main,47.043396,-84.408613,Little Turkey Lake
CHL0936,ST079,2002-06-26,2,NA,935,10,0.002,0.032,0.011,0.008,Composite Tube/Tube composite,3.53,3.66,mg/L,WB075,Center Buoy/Water chem site B,main,46.73133333,-84.22058333,Quinn Lake
CHL0937,ST079,2002-06-26,3,NA,895,11.8,0.002,0.026,0.009,0.006,Composite Tube/Tube composite,3.49,3.61,mg/L,WB075,Center Buoy/Water chem site B,main,46.73133333,-84.22058333,Quinn Lake
CHL0938,ST079,2002-07-22,1,2,500,13.1,0.002,0.012,0.003,0.003,Composite Tube/Tube composite,3,3.07,mg/L,WB075,Center Buoy/Water chem site B,main,46.73133333,-84.22058333,Quinn Lake
CHL0939,ST079,2002-07-22,1,1,500,11.1,0.002,0.012,0.004,0.003,Composite Tube/Tube composite,2.49,2.56,mg/L,WB075,Center Buoy/Water chem site B,main,46.73133333,-84.22058333,Quinn Lake
CHL0940,ST079,2002-07-22,2,2,500,9.8,0.002,0.012,0.003,0.002,Composite Tube/Tube composite,2.24,2.29,mg/L,WB075,Center Buoy/Water chem site B,main,46.73133333,-84.22058333,Quinn Lake
CHL0941,ST079,2002-07-22,2,1,500,11.2,0.001,0.009,0.003,0.001,Composite Tube/Tube composite,1.99,2.05,mg/L,WB075,Center Buoy/Water chem site B,main,46.73133333,-84.22058333,Quinn Lake
CHL0942,ST079,2002-07-22,3,2,500,10.6,0.001,0.012,0.003,0.001,Composite Tube/Tube composite,2.62,2.7,mg/L,WB075,Center Buoy/Water chem site B,main,46.73133333,-84.22058333,Quinn Lake
CHL0943,ST079,2002-07-22,3,1,500,9,0.003,0.015,0.005,0.003,Composite Tube/Tube composite,2.44,2.5,mg/L,WB075,Center Buoy/Water chem site B,main,46.73133333,-84.22058333,Quinn Lake
CHL0944,ST068,2002-07-22,1,2,500,10.6,0.003,0.011,0.004,0.004,Composite Tube/Tube composite,1.93,1.98,mg/L,WB066,Center Buoy/Water chem site B,main,47.06338,-84.390411,Lower Batchawana Lake
CHL0945,ST068,2002-07-22,1,1,500,12,0.001,0.007,0.003,0.002,Composite Tube/Tube composite,1.57,1.63,mg/L,WB066,Center Buoy/Water chem site B,main,47.06338,-84.390411,Lower Batchawana Lake
CHL0946,ST068,2002-07-22,2,1,500,11.8,0.001,0.007,0.003,0.002,Composite Tube/Tube composite,1.55,1.61,mg/L,WB066,Center Buoy/Water chem site B,main,47.06338,-84.390411,Lower Batchawana Lake
CHL0947,ST068,2002-07-22,2,2,500,10.3,0.002,0.009,0.003,0.003,Composite Tube/Tube composite,1.64,1.68,mg/L,WB066,Center Buoy/Water chem site B,main,47.06338,-84.390411,Lower Batchawana Lake
CHL0948,ST068,2002-07-22,3,2,500,13.5,0.001,0.007,0.003,0.002,Composite Tube/Tube composite,1.77,1.84,mg/L,WB066,Center Buoy/Water chem site B,main,47.06338,-84.390411,Lower Batchawana Lake
CHL0949,ST068,2002-07-22,3,1,500,10.8,0.002,0.009,0.003,0.002,Composite Tube/Tube composite,1.71,1.76,mg/L,WB066,Center Buoy/Water chem site B,main,47.06338,-84.390411,Lower Batchawana Lake
CHL0950,ST091,2002-07-22,1,NA,1000,13.4,0.001,0.013,0.004,0.004,Composite Tube/Tube composite,1.79,1.85,mg/L,WB085,Center Buoy/Water chem site B,main,47.066412,-84.394125,Upper Batchawana Lake
CHL0951,ST091,2002-07-22,2,NA,1000,12,0.002,0.012,0.006,0.005,Composite Tube/Tube composite,1.3,1.35,mg/L,WB085,Center Buoy/Water chem site B,main,47.066412,-84.394125,Upper Batchawana Lake
CHL0952,ST091,2002-07-22,3,NA,1000,11.5,0.005,0.016,0.01,0.009,Composite Tube/Tube composite,1.35,1.41,mg/L,WB085,Center Buoy/Water chem site B,main,47.066412,-84.394125,Upper Batchawana Lake
CHL0953,ST095,2002-07-22,1,1,500,12.4,0.001,0.029,0.009,0.007,Composite Tube/Tube composite,7.67,7.94,mg/L,WB087,Buoy/Water chem site B,main,47.049274,-84.399988,Wishart Lake
CHL0954,ST095,2002-07-22,1,2,500,11,0.002,0.025,0.008,0.007,Composite Tube/Tube composite,5.62,5.8,mg/L,WB087,Buoy/Water chem site B,main,47.049274,-84.399988,Wishart Lake
CHL0955,ST095,2002-07-22,2,1,500,11.7,0.002,0.065,0.02,0.016,Composite Tube/Tube composite,16.28,16.85,mg/L,WB087,Buoy/Water chem site B,main,47.049274,-84.399988,Wishart Lake
CHL0956,ST095,2002-07-22,2,2,500,11.1,0.002,0.035,0.011,0.009,Composite Tube/Tube composite,8.11,8.39,mg/L,WB087,Buoy/Water chem site B,main,47.049274,-84.399988,Wishart Lake
CHL0957,ST095,2002-07-22,3,2,500,11.1,0.002,0.014,0.004,0.004,Composite Tube/Tube composite,3.01,3.09,mg/L,WB087,Buoy/Water chem site B,main,47.049274,-84.399988,Wishart Lake
CHL0958,ST095,2002-07-22,3,1,500,13.2,0.001,0.009,0.003,0.001,Composite Tube/Tube composite,2.34,2.42,mg/L,WB087,Buoy/Water chem site B,main,47.049274,-84.399988,Wishart Lake
CHL0959,ST065,2002-07-22,1,2,500,13,0.003,0.01,0.005,0.004,Composite Tube/Tube composite,2.01,2.08,mg/L,NA,Center Buoy/Water chem site B,main,47.043396,-84.408613,Little Turkey Lake
CHL0960,ST065,2002-07-22,1,1,500,11.8,0.004,0.01,0.006,0.004,Composite Tube/Tube composite,1.55,1.61,mg/L,NA,Center Buoy/Water chem site B,main,47.043396,-84.408613,Little Turkey Lake
CHL0961,ST065,2002-07-22,2,1,500,11.1,0.002,0.008,0.003,0.002,Composite Tube/Tube composite,1.5,1.54,mg/L,NA,Center Buoy/Water chem site B,main,47.043396,-84.408613,Little Turkey Lake
CHL0962,ST065,2002-07-22,2,2,500,12.6,0.002,0.007,0.003,0.001,Composite Tube/Tube composite,1.41,1.45,mg/L,NA,Center Buoy/Water chem site B,main,47.043396,-84.408613,Little Turkey Lake
CHL0963,ST065,2002-07-22,3,1,500,12.5,0.001,0.008,0.004,0.003,Composite Tube/Tube composite,1.88,1.96,mg/L,NA,Center Buoy/Water chem site B,main,47.043396,-84.408613,Little Turkey Lake
CHL0964,ST065,2002-07-22,3,2,500,12.7,0.001,0.006,0.002,0.002,Composite Tube/Tube composite,1.43,1.47,mg/L,NA,Center Buoy/Water chem site B,main,47.043396,-84.408613,Little Turkey Lake
CHL0965,ST079,2002-08-21,1,NA,1000,10.3,0.002,0.043,0.012,0.011,Composite Tube/Tube composite,4.7,4.85,mg/L,WB075,Center Buoy/Water chem site B,main,46.73133333,-84.22058333,Quinn Lake
CHL0966,ST079,2002-08-21,2,NA,1000,13.9,0.002,0.035,0.01,0.009,Composite Tube/Tube composite,5.11,5.27,mg/L,WB075,Center Buoy/Water chem site B,main,46.73133333,-84.22058333,Quinn Lake
CHL0967,ST079,2002-08-21,3,NA,1000,10.8,0.002,0.041,0.012,0.011,Composite Tube/Tube composite,4.68,4.83,mg/L,WB075,Center Buoy/Water chem site B,main,46.73133333,-84.22058333,Quinn Lake
CHL0968,ST068,2002-08-21,1,NA,1000,11.4,0.007,0.02,0.009,0.008,Composite Tube/Tube composite,1.68,1.72,mg/L,WB066,Center Buoy/Water chem site B,main,47.06338,-84.390411,Lower Batchawana Lake
CHL0969,ST068,2002-08-21,2,NA,1000,10.8,0.003,0.016,0.006,0.005,Composite Tube/Tube composite,1.57,1.62,mg/L,WB066,Center Buoy/Water chem site B,main,47.06338,-84.390411,Lower Batchawana Lake
CHL0970,ST068,2002-08-21,3,NA,1000,11.3,0.003,0.015,0.006,0.006,Composite Tube/Tube composite,1.51,1.56,mg/L,WB066,Center Buoy/Water chem site B,main,47.06338,-84.390411,Lower Batchawana Lake
CHL0971,ST091,2002-08-21,1,NA,1000,10.4,0.003,0.012,0.005,0.004,Composite Tube/Tube composite,1.05,1.08,mg/L,WB085,Center Buoy/Water chem site B,main,47.066412,-84.394125,Upper Batchawana Lake
CHL0972,ST091,2002-08-21,2,NA,1000,11.1,0.003,0.013,0.004,0.004,Composite Tube/Tube composite,1.27,1.3,mg/L,WB085,Center Buoy/Water chem site B,main,47.066412,-84.394125,Upper Batchawana Lake
CHL0973,ST091,2002-08-21,3,NA,1000,11,0.002,0.014,0.004,0.004,Composite Tube/Tube composite,1.49,1.53,mg/L,WB085,Center Buoy/Water chem site B,main,47.066412,-84.394125,Upper Batchawana Lake
CHL0974,ST095,2002-08-21,1,2,500,10.5,0.007,0.03,0.014,0.012,Composite Tube/Tube composite,5.32,5.51,mg/L,WB087,Buoy/Water chem site B,main,47.049274,-84.399988,Wishart Lake
CHL0975,ST095,2002-08-21,1,1,500,10.5,0.011,0.031,0.017,0.017,Composite Tube/Tube composite,4.63,4.79,mg/L,WB087,Buoy/Water chem site B,main,47.049274,-84.399988,Wishart Lake
CHL0976,ST095,2002-08-21,2,2,500,11.9,0.011,0.032,0.017,0.015,Composite Tube/Tube composite,5.52,5.71,mg/L,WB087,Buoy/Water chem site B,main,47.049274,-84.399988,Wishart Lake
CHL0977,ST095,2002-08-21,2,1,500,10.3,0.033,0.063,0.038,0.035,Composite Tube/Tube composite,6.98,7.17,mg/L,WB087,Buoy/Water chem site B,main,47.049274,-84.399988,Wishart Lake
CHL0978,ST095,2002-08-21,3,1,500,11.2,0.005,0.025,0.01,0.009,Composite Tube/Tube composite,4.98,5.14,mg/L,WB087,Buoy/Water chem site B,main,47.049274,-84.399988,Wishart Lake
CHL0979,ST065,2002-08-21,1,NA,1000,9.4,0.004,0.028,0.01,0.009,Composite Tube/Tube composite,2.51,2.59,mg/L,NA,Center Buoy/Water chem site B,main,47.043396,-84.408613,Little Turkey Lake
CHL0980,ST065,2002-08-21,2,NA,1000,11.7,0.001,0.02,0.006,0.005,Composite Tube/Tube composite,2.47,2.55,mg/L,NA,Center Buoy/Water chem site B,main,47.043396,-84.408613,Little Turkey Lake
CHL0981,ST065,2002-08-21,3,NA,1000,11.2,0.002,0.021,0.007,0.006,Composite Tube/Tube composite,2.36,2.44,mg/L,NA,Center Buoy/Water chem site B,main,47.043396,-84.408613,Little Turkey Lake
CHL0982,ST079,2002-09-17,1,NA,1000,11,0.003,0.04,0.012,0.011,Composite Tube/Tube composite,4.53,4.68,mg/L,WB075,Center Buoy/Water chem site B,main,46.73133333,-84.22058333,Quinn Lake
CHL0983,ST079,2002-09-17,2,NA,1000,11,0.004,0.039,0.013,0.012,Composite Tube/Tube composite,4.28,4.42,mg/L,WB075,Center Buoy/Water chem site B,main,46.73133333,-84.22058333,Quinn Lake
CHL0984,ST079,2002-09-17,3,NA,1000,11.5,0.006,0.04,0.015,0.014,Composite Tube/Tube composite,4.34,4.48,mg/L,WB075,Center Buoy/Water chem site B,main,46.73133333,-84.22058333,Quinn Lake
CHL0985,ST068,2002-09-17,1,NA,1000,11.8,0.003,0.015,0.006,0.005,Composite Tube/Tube composite,1.57,1.63,mg/L,WB066,Center Buoy/Water chem site B,main,47.06338,-84.390411,Lower Batchawana Lake
CHL0986,ST068,2002-09-17,2,NA,1000,12,0.003,0.013,0.006,0.005,Composite Tube/Tube composite,1.32,1.37,mg/L,WB066,Center Buoy/Water chem site B,main,47.06338,-84.390411,Lower Batchawana Lake
CHL0987,ST068,2002-09-17,3,NA,1000,11.6,0.004,0.015,0.007,0.007,Composite Tube/Tube composite,1.41,1.46,mg/L,WB066,Center Buoy/Water chem site B,main,47.06338,-84.390411,Lower Batchawana Lake
CHL0988,ST091,2002-09-17,1,NA,1000,10.3,0.001,0.01,0.004,0.003,Composite Tube/Tube composite,1.01,1.05,mg/L,WB085,Center Buoy/Water chem site B,main,47.066412,-84.394125,Upper Batchawana Lake
CHL0989,ST091,2002-09-17,2,NA,1000,11.8,0.003,0.012,0.005,0.005,Composite Tube/Tube composite,1.19,1.22,mg/L,WB085,Center Buoy/Water chem site B,main,47.066412,-84.394125,Upper Batchawana Lake
CHL0990,ST091,2002-09-17,3,NA,1000,13.1,0.002,0.008,0.003,0.004,Composite Tube/Tube composite,0.89,0.91,mg/L,WB085,Center Buoy/Water chem site B,main,47.066412,-84.394125,Upper Batchawana Lake
CHL0991,ST095,2002-09-17,1,NA,1000,12.3,0.002,0.037,0.011,0.01,Composite Tube/Tube composite,4.78,4.94,mg/L,WB087,Buoy/Water chem site B,main,47.049274,-84.399988,Wishart Lake
CHL0992,ST095,2002-09-17,3,1,500,12,0.003,0.022,0.008,0.008,Composite Tube/Tube composite,5.06,5.23,mg/L,WB087,Buoy/Water chem site B,main,47.049274,-84.399988,Wishart Lake
CHL0993,ST095,2002-09-17,3,2,500,13.2,0.001,0.018,0.005,0.005,Composite Tube/Tube composite,5.01,5.16,mg/L,WB087,Buoy/Water chem site B,main,47.049274,-84.399988,Wishart Lake
CHL0994,ST065,2002-09-17,1,NA,1000,10.6,0.002,0.016,0.006,0.006,Composite Tube/Tube composite,1.64,1.7,mg/L,NA,Center Buoy/Water chem site B,main,47.043396,-84.408613,Little Turkey Lake
CHL0995,ST065,2002-09-17,2,NA,1000,8.8,0.002,0.017,0.006,0.006,Composite Tube/Tube composite,1.46,1.51,mg/L,NA,Center Buoy/Water chem site B,main,47.043396,-84.408613,Little Turkey Lake
CHL0996,ST065,2002-09-17,3,NA,1000,11.1,0.002,0.015,0.005,0.004,Composite Tube/Tube composite,1.61,1.66,mg/L,NA,Center Buoy/Water chem site B,main,47.043396,-84.408613,Little Turkey Lake
CHL0997,ST068,2002-10-15,1,NA,1000,12,0.002,0.007,0.004,0.002,Composite Tube/Tube composite,0.65,0.67,mg/L,WB066,Center Buoy/Water chem site B,main,47.06338,-84.390411,Lower Batchawana Lake
CHL0998,ST068,2002-10-15,2,NA,1000,12.3,0.004,0.011,0.007,0.006,Composite Tube/Tube composite,0.92,0.97,mg/L,WB066,Center Buoy/Water chem site B,main,47.06338,-84.390411,Lower Batchawana Lake
CHL0999,ST068,2002-10-15,3,NA,725,14.9,0.001,0.004,0.002,0.002,Composite Tube/Tube composite,0.68,0.7,mg/L,WB066,Center Buoy/Water chem site B,main,47.06338,-84.390411,Lower Batchawana Lake
CHL1000,ST091,2002-10-15,1,NA,1000,11.7,0.001,0.008,0.004,0.003,Composite Tube/Tube composite,0.88,0.92,mg/L,WB085,Center Buoy/Water chem site B,main,47.066412,-84.394125,Upper Batchawana Lake
CHL1001,ST091,2002-10-15,2,NA,1000,12.7,0.002,0.009,0.005,0.004,Composite Tube/Tube composite,0.96,1,mg/L,WB085,Center Buoy/Water chem site B,main,47.066412,-84.394125,Upper Batchawana Lake
CHL1002,ST091,2002-10-15,3,NA,1000,13.3,0.004,0.01,0.004,0.003,Composite Tube/Tube composite,0.93,0.94,mg/L,WB085,Center Buoy/Water chem site B,main,47.066412,-84.394125,Upper Batchawana Lake
CHL1003,ST095,2002-10-15,1,NA,960,12.4,0.003,0.022,0.008,0.006,Composite Tube/Tube composite,2.72,2.81,mg/L,WB087,Buoy/Water chem site B,main,47.049274,-84.399988,Wishart Lake
CHL1004,ST095,2002-10-15,2,NA,935,11.4,0.002,0.023,0.008,0.007,Composite Tube/Tube composite,2.83,2.93,mg/L,WB087,Buoy/Water chem site B,main,47.049274,-84.399988,Wishart Lake
CHL1005,ST095,2002-10-15,3,NA,960,13,0.005,0.026,0.012,0.011,Composite Tube/Tube composite,3.11,3.23,mg/L,WB087,Buoy/Water chem site B,main,47.049274,-84.399988,Wishart Lake
CHL1006,ST065,2002-10-15,1,NA,1000,12,0.003,0.026,0.01,0.008,Composite Tube/Tube composite,3.04,3.15,mg/L,NA,Center Buoy/Water chem site B,main,47.043396,-84.408613,Little Turkey Lake
CHL1007,ST065,2002-10-15,2,NA,1000,12.7,0.002,0.022,0.008,0.007,Composite Tube/Tube composite,2.8,2.9,mg/L,NA,Center Buoy/Water chem site B,main,47.043396,-84.408613,Little Turkey Lake
CHL1008,ST065,2002-10-15,3,NA,1000,10.3,0.001,0.027,0.01,0.009,Composite Tube/Tube composite,2.93,3.04,mg/L,NA,Center Buoy/Water chem site B,main,47.043396,-84.408613,Little Turkey Lake
CHL1009,ST079,2002-10-16,1,NA,1000,11.8,0.001,0.037,0.01,0.009,Composite Tube/Tube composite,4.72,4.88,mg/L,WB075,Center Buoy/Water chem site B,main,46.73133333,-84.22058333,Quinn Lake
CHL1010,ST079,2002-10-16,2,NA,1000,12.6,0.002,0.034,0.011,0.009,Composite Tube/Tube composite,4.46,4.61,mg/L,WB075,Center Buoy/Water chem site B,main,46.73133333,-84.22058333,Quinn Lake
CHL1011,ST079,2002-10-16,3,NA,1000,10.4,0.002,0.042,0.013,0.01,Composite Tube/Tube composite,4.6,4.76,mg/L,WB075,Center Buoy/Water chem site B,main,46.73133333,-84.22058333,Quinn Lake
CHL1012,ST068,2003-05-08,1,NA,1000,12.3,0.001,0.013,0.006,0.004,Hand Draw/Prélèvement manuel,1.59,1.66,mg/L,WB066,Center Buoy/Water chem site B,main,47.06338,-84.390411,Lower Batchawana Lake
CHL1013,ST068,2003-05-08,2,2,500,11.9,0.002,0.009,0.004,0.003,Hand Draw/Prélèvement manuel,1.84,1.9,mg/L,WB066,Center Buoy/Water chem site B,main,47.06338,-84.390411,Lower Batchawana Lake
CHL1014,ST068,2003-05-08,2,1,500,11,0.002,0.008,0.004,0.003,Hand Draw/Prélèvement manuel,1.44,1.5,mg/L,WB066,Center Buoy/Water chem site B,main,47.06338,-84.390411,Lower Batchawana Lake
CHL1015,ST068,2003-05-08,3,1,500,9.4,0.001,0.01,0.003,0.002,Hand Draw/Prélèvement manuel,1.89,1.95,mg/L,WB066,Center Buoy/Water chem site B,main,47.06338,-84.390411,Lower Batchawana Lake
CHL1016,ST068,2003-05-08,3,2,500,11,0.001,0.007,0.002,0.001,Hand Draw/Prélèvement manuel,1.49,1.53,mg/L,WB066,Center Buoy/Water chem site B,main,47.06338,-84.390411,Lower Batchawana Lake
CHL1017,ST091,2003-05-08,1,NA,1000,11.7,0,0.011,0.003,0.003,Hand Draw/Prélèvement manuel,1.43,1.47,mg/L,WB085,Center Buoy/Water chem site B,main,47.066412,-84.394125,Upper Batchawana Lake
CHL1018,ST091,2003-05-08,2,NA,1000,11.6,0,0.011,0.003,0.002,Hand Draw/Prélèvement manuel,1.41,1.46,mg/L,WB085,Center Buoy/Water chem site B,main,47.066412,-84.394125,Upper Batchawana Lake
CHL1019,ST091,2003-05-08,3,NA,1000,12.3,0.001,0.011,0.004,0.003,Hand Draw/Prélèvement manuel,1.35,1.4,mg/L,WB085,Center Buoy/Water chem site B,main,47.066412,-84.394125,Upper Batchawana Lake
CHL1020,ST079,2003-05-09,1,NA,1000,11.1,0.002,0.028,0.008,0.008,Hand Draw/Prélèvement manuel,3.22,3.32,mg/L,WB075,Center Buoy/Water chem site B,main,46.73133333,-84.22058333,Quinn Lake
CHL1021,ST079,2003-05-09,2,NA,1000,9.7,0.002,0.03,0.008,0.008,Hand Draw/Prélèvement manuel,3.04,3.13,mg/L,WB075,Center Buoy/Water chem site B,main,46.73133333,-84.22058333,Quinn Lake
CHL1022,ST079,2003-05-09,3,NA,1000,11,0.001,0.03,0.008,0.007,Hand Draw/Prélèvement manuel,3.55,3.67,mg/L,WB075,Center Buoy/Water chem site B,main,46.73133333,-84.22058333,Quinn Lake
CHL1023,ST095,2003-05-09,1,NA,1000,10.2,0.001,0.009,0.002,0.002,Hand Draw/Prélèvement manuel,0.93,0.95,mg/L,WB087,Buoy/Water chem site B,main,47.049274,-84.399988,Wishart Lake
CHL1024,ST095,2003-05-09,2,NA,995,10.5,0.003,0.011,0.004,0.004,Hand Draw/Prélèvement manuel,0.96,0.98,mg/L,WB087,Buoy/Water chem site B,main,47.049274,-84.399988,Wishart Lake
CHL1025,ST095,2003-05-09,3,NA,1000,11.7,0.001,0.008,0.002,0.002,Hand Draw/Prélèvement manuel,0.93,0.95,mg/L,WB087,Buoy/Water chem site B,main,47.049274,-84.399988,Wishart Lake
CHL1026,ST065,2003-05-09,1,NA,1000,9.7,0.003,0.018,0.006,0.006,Hand Draw/Prélèvement manuel,1.63,1.68,mg/L,NA,Center Buoy/Water chem site B,main,47.043396,-84.408613,Little Turkey Lake
CHL1027,ST065,2003-05-09,2,NA,1000,10.7,0.001,0.017,0.004,0.003,Hand Draw/Prélèvement manuel,1.93,1.98,mg/L,NA,Center Buoy/Water chem site B,main,47.043396,-84.408613,Little Turkey Lake
CHL1028,ST065,2003-05-09,3,NA,1000,12.2,0.005,0.016,0.007,0.006,Hand Draw/Prélèvement manuel,1.51,1.55,mg/L,NA,Center Buoy/Water chem site B,main,47.043396,-84.408613,Little Turkey Lake
CHL1029,ST068,2003-06-09,1,NA,1000,12.6,0.003,0.013,0.005,0.005,Hand Draw/Prélèvement manuel,1.41,1.46,mg/L,WB066,Center Buoy/Water chem site B,main,47.06338,-84.390411,Lower Batchawana Lake
CHL1030,ST068,2003-06-09,2,NA,1000,12.5,0.003,0.014,0.006,0.006,Hand Draw/Prélèvement manuel,1.52,1.57,mg/L,WB066,Center Buoy/Water chem site B,main,47.06338,-84.390411,Lower Batchawana Lake
CHL1031,ST068,2003-06-09,3,NA,1000,11.8,0.005,0.014,0.006,0.005,Hand Draw/Prélèvement manuel,1.21,1.24,mg/L,WB066,Center Buoy/Water chem site B,main,47.06338,-84.390411,Lower Batchawana Lake
CHL1032,ST091,2003-06-09,1,NA,1000,11.7,0.001,0.009,0.004,0.004,Hand Draw/Prélèvement manuel,1.02,1.06,mg/L,WB085,Center Buoy/Water chem site B,main,47.066412,-84.394125,Upper Batchawana Lake
CHL1033,ST091,2003-06-09,2,NA,1000,11.9,0.002,0.01,0.004,0.004,Hand Draw/Prélèvement manuel,1.06,1.09,mg/L,WB085,Center Buoy/Water chem site B,main,47.066412,-84.394125,Upper Batchawana Lake
CHL1034,ST091,2003-06-09,3,NA,1000,12.6,0.002,0.01,0.004,0.004,Hand Draw/Prélèvement manuel,1.12,1.16,mg/L,WB085,Center Buoy/Water chem site B,main,47.066412,-84.394125,Upper Batchawana Lake
CHL1035,ST095,2003-06-09,1,NA,1000,12.5,0.004,0.12,0.035,0.027,Hand Draw/Prélèvement manuel,16.07,16.61,mg/L,WB087,Buoy/Water chem site B,main,47.049274,-84.399988,Wishart Lake
CHL1036,ST095,2003-06-09,2,NA,500,13.6,0.007,0.025,0.011,0.011,Hand Draw/Prélèvement manuel,5.47,5.64,mg/L,WB087,Buoy/Water chem site B,main,47.049274,-84.399988,Wishart Lake
CHL1037,ST095,2003-06-09,3,NA,1000,11.8,0.001,0.077,0.022,0.017,Hand Draw/Prélèvement manuel,9.92,10.26,mg/L,WB087,Buoy/Water chem site B,main,47.049274,-84.399988,Wishart Lake
CHL1038,ST065,2003-06-09,1,NA,1000,13.2,0.001,0.011,0.003,0.003,Hand Draw/Prélèvement manuel,1.48,1.53,mg/L,NA,Center Buoy/Water chem site B,main,47.043396,-84.408613,Little Turkey Lake
CHL1039,ST065,2003-06-09,2,NA,1000,12.1,0.002,0.014,0.005,0.005,Hand Draw/Prélèvement manuel,1.62,1.67,mg/L,NA,Center Buoy/Water chem site B,main,47.043396,-84.408613,Little Turkey Lake
CHL1040,ST065,2003-06-09,3,NA,1000,11.3,0.004,0.013,0.006,0.006,Hand Draw/Prélèvement manuel,1.14,1.17,mg/L,NA,Center Buoy/Water chem site B,main,47.043396,-84.408613,Little Turkey Lake
CHL1041,ST079,2003-06-10,1,NA,975,10.8,0.001,0.024,0.007,0.006,Hand Draw/Prélèvement manuel,2.83,2.92,mg/L,WB075,Center Buoy/Water chem site B,main,46.73133333,-84.22058333,Quinn Lake
CHL1042,ST079,2003-06-10,2,NA,960,11,0.008,0.027,0.013,0.013,Hand Draw/Prélèvement manuel,2.42,2.5,mg/L,WB075,Center Buoy/Water chem site B,main,46.73133333,-84.22058333,Quinn Lake
CHL1043,ST079,2003-06-10,3,NA,960,12.4,0.001,0.017,0.005,0.005,Hand Draw/Prélèvement manuel,2.3,2.37,mg/L,WB075,Center Buoy/Water chem site B,main,46.73133333,-84.22058333,Quinn Lake
CHL1044,ST068,2003-07-07,1,NA,1000,13.5,0.002,0.012,0.004,0.003,Hand Draw/Prélèvement manuel,1.51,1.56,mg/L,WB066,Center Buoy/Water chem site B,main,47.06338,-84.390411,Lower Batchawana Lake
CHL1045,ST068,2003-07-07,2,NA,1000,11.4,0.002,0.013,0.004,0.004,Hand Draw/Prélèvement manuel,1.41,1.45,mg/L,WB066,Center Buoy/Water chem site B,main,47.06338,-84.390411,Lower Batchawana Lake
CHL1046,ST068,2003-07-07,3,NA,1000,13.5,0.003,0.012,0.006,0.006,Hand Draw/Prélèvement manuel,1.33,1.38,mg/L,WB066,Center Buoy/Water chem site B,main,47.06338,-84.390411,Lower Batchawana Lake
CHL1047,ST091,2003-07-07,1,NA,1000,11.3,0.001,0.011,0.003,0.002,Hand Draw/Prélèvement manuel,1.27,1.31,mg/L,WB085,Center Buoy/Water chem site B,main,47.066412,-84.394125,Upper Batchawana Lake
CHL1048,ST091,2003-07-07,2,NA,1000,11.8,0.002,0.011,0.004,0.003,Hand Draw/Prélèvement manuel,1.19,1.22,mg/L,WB085,Center Buoy/Water chem site B,main,47.066412,-84.394125,Upper Batchawana Lake
CHL1049,ST091,2003-07-07,3,NA,1000,11.8,0.001,0.014,0.004,0.004,Hand Draw/Prélèvement manuel,1.71,1.77,mg/L,WB085,Center Buoy/Water chem site B,main,47.066412,-84.394125,Upper Batchawana Lake
CHL1050,ST095,2003-07-07,1,NA,1000,13.5,0.004,0.275,0.085,0.062,Hand Draw/Prélèvement manuel,40.3,41.73,mg/L,WB087,Buoy/Water chem site B,main,47.049274,-84.399988,Wishart Lake
CHL1051,ST095,2003-07-07,2,NA,1000,13.7,0,0.025,0.007,0.006,Hand Draw/Prélèvement manuel,3.79,3.92,mg/L,WB087,Buoy/Water chem site B,main,47.049274,-84.399988,Wishart Lake
CHL1052,ST095,2003-07-07,3,NA,1000,13.5,0.001,0.035,0.011,0.01,Hand Draw/Prélèvement manuel,5.06,5.24,mg/L,WB087,Buoy/Water chem site B,main,47.049274,-84.399988,Wishart Lake
CHL1053,ST065,2003-07-07,1,NA,1000,10.9,0,0.026,0.01,0.007,Hand Draw/Prélèvement manuel,3.07,3.2,mg/L,NA,Center Buoy/Water chem site B,main,47.043396,-84.408613,Little Turkey Lake
CHL1054,ST065,2003-07-07,2,NA,1000,11.8,0,0.013,0.004,0.003,Hand Draw/Prélèvement manuel,1.69,1.75,mg/L,NA,Center Buoy/Water chem site B,main,47.043396,-84.408613,Little Turkey Lake
CHL1055,ST065,2003-07-07,3,1,500,12.7,0.002,0.008,0.003,0.004,Hand Draw/Prélèvement manuel,1.72,1.77,mg/L,NA,Center Buoy/Water chem site B,main,47.043396,-84.408613,Little Turkey Lake
CHL1056,ST065,2003-07-07,3,2,500,12.5,0.003,0.009,0.004,0.005,Hand Draw/Prélèvement manuel,1.7,1.74,mg/L,NA,Center Buoy/Water chem site B,main,47.043396,-84.408613,Little Turkey Lake
CHL1057,ST079,2003-07-14,1,NA,1000,10.3,0.001,0.022,0.007,0.006,Hand Draw/Prélèvement manuel,2.39,2.47,mg/L,WB075,Center Buoy/Water chem site B,main,46.73133333,-84.22058333,Quinn Lake
CHL1058,ST079,2003-07-14,2,NA,1000,11.6,0.001,0.019,0.007,0.006,Hand Draw/Prélèvement manuel,2.29,2.37,mg/L,WB075,Center Buoy/Water chem site B,main,46.73133333,-84.22058333,Quinn Lake
CHL1059,ST079,2003-07-14,3,NA,1000,13.2,0.001,0.02,0.007,0.005,Hand Draw/Prélèvement manuel,2.75,2.85,mg/L,WB075,Center Buoy/Water chem site B,main,46.73133333,-84.22058333,Quinn Lake
CHL1060,ST068,2003-08-05,1,NA,1000,12.7,0.001,0.017,0.006,0.005,NA,2.23,2.31,mg/L,WB066,Center Buoy/Water chem site B,main,47.06338,-84.390411,Lower Batchawana Lake
CHL1061,ST068,2003-08-05,2,NA,1000,11.5,0.001,0.019,0.006,0.004,NA,2.29,2.37,mg/L,WB066,Center Buoy/Water chem site B,main,47.06338,-84.390411,Lower Batchawana Lake
CHL1062,ST068,2003-08-05,3,NA,1000,10.9,0.002,0.022,0.008,0.005,NA,2.4,2.49,mg/L,WB066,Center Buoy/Water chem site B,main,47.06338,-84.390411,Lower Batchawana Lake
CHL1063,ST091,2003-08-05,1,NA,1000,12.2,0.003,0.014,0.006,0.005,Hand Draw/Prélèvement manuel,1.49,1.54,mg/L,WB085,Center Buoy/Water chem site B,main,47.066412,-84.394125,Upper Batchawana Lake
CHL1064,ST091,2003-08-05,2,NA,1000,12.5,0.001,0.012,0.003,0.002,Hand Draw/Prélèvement manuel,1.55,1.59,mg/L,WB085,Center Buoy/Water chem site B,main,47.066412,-84.394125,Upper Batchawana Lake
CHL1065,ST091,2003-08-05,3,NA,1000,11.8,0.001,0.013,0.004,0.003,Hand Draw/Prélèvement manuel,1.57,1.63,mg/L,WB085,Center Buoy/Water chem site B,main,47.066412,-84.394125,Upper Batchawana Lake
CHL1066,ST095,2003-08-05,1,1,500,11.2,0.001,0.017,0.006,0.005,Hand Draw/Prélèvement manuel,3.94,4.08,mg/L,WB087,Buoy/Water chem site B,main,47.049274,-84.399988,Wishart Lake
CHL1067,ST095,2003-08-05,1,2,500,11.5,0.001,0.018,0.006,0.005,Hand Draw/Prélèvement manuel,4.31,4.46,mg/L,WB087,Buoy/Water chem site B,main,47.049274,-84.399988,Wishart Lake
CHL1068,ST095,2003-08-05,2,2,500,12.1,0.002,0.015,0.005,0.003,Hand Draw/Prélèvement manuel,3.51,3.62,mg/L,WB087,Buoy/Water chem site B,main,47.049274,-84.399988,Wishart Lake
CHL1069,ST095,2003-08-05,2,1,500,12.2,0.003,0.017,0.007,0.006,Hand Draw/Prélèvement manuel,3.77,3.9,mg/L,WB087,Buoy/Water chem site B,main,47.049274,-84.399988,Wishart Lake
CHL1070,ST095,2003-08-05,3,2,500,10.9,0.001,0.016,0.005,0.004,Hand Draw/Prélèvement manuel,3.62,3.75,mg/L,WB087,Buoy/Water chem site B,main,47.049274,-84.399988,Wishart Lake
CHL1071,ST095,2003-08-05,3,1,500,13,0.002,0.016,0.004,0.003,Hand Draw/Prélèvement manuel,4.13,4.24,mg/L,WB087,Buoy/Water chem site B,main,47.049274,-84.399988,Wishart Lake
CHL1072,ST065,2003-08-05,1,NA,1000,11.6,0.001,0.016,0.004,0.004,Hand Draw/Prélèvement manuel,1.95,2.01,mg/L,NA,Center Buoy/Water chem site B,main,47.043396,-84.408613,Little Turkey Lake
CHL1073,ST065,2003-08-05,2,2,500,14.3,0.001,0.007,0.002,0.002,Hand Draw/Prélèvement manuel,1.94,1.99,mg/L,NA,Center Buoy/Water chem site B,main,47.043396,-84.408613,Little Turkey Lake
CHL1074,ST065,2003-08-05,2,1,500,12.6,0.001,0.007,0.002,0.001,Hand Draw/Prélèvement manuel,1.71,1.75,mg/L,NA,Center Buoy/Water chem site B,main,47.043396,-84.408613,Little Turkey Lake
CHL1075,ST065,2003-08-05,3,NA,1000,12,0.002,0.018,0.006,0.005,Hand Draw/Prélèvement manuel,2.13,2.2,mg/L,NA,Center Buoy/Water chem site B,main,47.043396,-84.408613,Little Turkey Lake
CHL1076,ST079,2003-08-07,1,NA,1000,12,0.002,0.027,0.007,0.006,Hand Draw/Prélèvement manuel,3.37,3.47,mg/L,WB075,Center Buoy/Water chem site B,main,46.73133333,-84.22058333,Quinn Lake
CHL1077,ST079,2003-08-07,2,NA,1000,13.7,0.002,0.022,0.008,0.006,Hand Draw/Prélèvement manuel,3.02,3.12,mg/L,WB075,Center Buoy/Water chem site B,main,46.73133333,-84.22058333,Quinn Lake
CHL1078,ST079,2003-08-07,3,NA,1000,11.4,0.002,0.028,0.008,0.007,Hand Draw/Prélèvement manuel,3.31,3.41,mg/L,WB075,Center Buoy/Water chem site B,main,46.73133333,-84.22058333,Quinn Lake
CHL1079,ST068,2003-09-02,1,NA,1000,11.2,0.001,0.016,0.006,0.006,Hand Draw/Prélèvement manuel,1.84,1.91,mg/L,WB066,Center Buoy/Water chem site B,main,47.06338,-84.390411,Lower Batchawana Lake
CHL1080,ST068,2003-09-02,2,NA,995,10.4,0,0.019,0.007,0.005,Hand Draw/Prélèvement manuel,2.16,2.24,mg/L,WB066,Center Buoy/Water chem site B,main,47.06338,-84.390411,Lower Batchawana Lake
CHL1081,ST068,2003-09-02,3,NA,1000,11.8,0,0.021,0.01,0.008,Hand Draw/Prélèvement manuel,2.64,2.76,mg/L,WB066,Center Buoy/Water chem site B,main,47.06338,-84.390411,Lower Batchawana Lake
CHL1082,ST091,2003-09-02,1,NA,1000,11.2,0.003,0.015,0.007,0.006,Hand Draw/Prélèvement manuel,1.47,1.53,mg/L,WB085,Center Buoy/Water chem site B,main,47.066412,-84.394125,Upper Batchawana Lake
CHL1083,ST091,2003-09-02,2,NA,1000,11.3,0.001,0.011,0.004,0.004,Hand Draw/Prélèvement manuel,1.25,1.29,mg/L,WB085,Center Buoy/Water chem site B,main,47.066412,-84.394125,Upper Batchawana Lake
CHL1084,ST091,2003-09-02,3,NA,1000,9.8,0,0.017,0.005,0.004,Hand Draw/Prélèvement manuel,1.84,1.9,mg/L,WB085,Center Buoy/Water chem site B,main,47.066412,-84.394125,Upper Batchawana Lake
CHL1085,ST095,2003-09-02,1,1,500,11.9,0,0.026,0.009,0.007,Hand Draw/Prélèvement manuel,6.76,7.02,mg/L,WB087,Buoy/Water chem site B,main,47.049274,-84.399988,Wishart Lake
CHL1086,ST095,2003-09-02,1,2,500,12,0.001,0.022,0.007,0.007,Hand Draw/Prélèvement manuel,5.57,5.76,mg/L,WB087,Buoy/Water chem site B,main,47.049274,-84.399988,Wishart Lake
CHL1087,ST095,2003-09-02,2,2,500,11.2,0,0.023,0.005,0.004,Hand Draw/Prélèvement manuel,5.76,5.94,mg/L,WB087,Buoy/Water chem site B,main,47.049274,-84.399988,Wishart Lake
CHL1088,ST095,2003-09-02,2,1,500,10.6,0.001,0.022,0.007,0.007,Hand Draw/Prélèvement manuel,4.92,5.09,mg/L,WB087,Buoy/Water chem site B,main,47.049274,-84.399988,Wishart Lake
CHL1089,ST095,2003-09-02,3,2,500,10.3,0.001,0.022,0.007,0.007,Hand Draw/Prélèvement manuel,4.78,4.95,mg/L,WB087,Buoy/Water chem site B,main,47.049274,-84.399988,Wishart Lake
CHL1090,ST095,2003-09-02,3,1,500,12.4,0.001,0.015,0.005,0.005,Hand Draw/Prélèvement manuel,3.84,3.97,mg/L,WB087,Buoy/Water chem site B,main,47.049274,-84.399988,Wishart Lake
CHL1091,ST065,2003-09-02,1,2,500,10.3,0.006,0.018,0.009,0.009,Hand Draw/Prélèvement manuel,2.75,2.84,mg/L,NA,Center Buoy/Water chem site B,main,47.043396,-84.408613,Little Turkey Lake
CHL1092,ST065,2003-09-02,1,1,500,10.3,0.002,0.011,0.005,0.005,Hand Draw/Prélèvement manuel,2.03,2.11,mg/L,NA,Center Buoy/Water chem site B,main,47.043396,-84.408613,Little Turkey Lake
CHL1093,ST065,2003-09-02,2,2,500,13.2,0,0.01,0.004,0.003,Hand Draw/Prélèvement manuel,2.85,2.97,mg/L,NA,Center Buoy/Water chem site B,main,47.043396,-84.408613,Little Turkey Lake
CHL1094,ST065,2003-09-02,2,1,500,15.1,0,0.011,0.004,0.002,Hand Draw/Prélèvement manuel,3.61,3.76,mg/L,NA,Center Buoy/Water chem site B,main,47.043396,-84.408613,Little Turkey Lake
CHL1095,ST065,2003-09-02,3,2,479,11.4,0,0.011,0.004,0.003,Hand Draw/Prélèvement manuel,2.85,2.96,mg/L,NA,Center Buoy/Water chem site B,main,47.043396,-84.408613,Little Turkey Lake
CHL1096,ST065,2003-09-02,3,1,500,12.7,0,0.01,0.004,0.003,Hand Draw/Prélèvement manuel,2.74,2.86,mg/L,NA,Center Buoy/Water chem site B,main,47.043396,-84.408613,Little Turkey Lake
CHL1097,ST079,2003-09-04,1,1,500,12,0.001,0.017,0.006,0.005,Hand Draw/Prélèvement manuel,4.22,4.37,mg/L,WB075,Center Buoy/Water chem site B,main,46.73133333,-84.22058333,Quinn Lake
CHL1098,ST079,2003-09-04,1,2,500,11,0.004,0.02,0.008,0.007,Hand Draw/Prélèvement manuel,3.91,4.04,mg/L,WB075,Center Buoy/Water chem site B,main,46.73133333,-84.22058333,Quinn Lake
CHL1099,ST079,2003-09-04,2,2,500,11.3,0.001,0.016,0.005,0.004,Hand Draw/Prélèvement manuel,3.76,3.88,mg/L,WB075,Center Buoy/Water chem site B,main,46.73133333,-84.22058333,Quinn Lake
CHL1100,ST079,2003-09-04,2,1,500,11.5,0.001,0.018,0.006,0.005,Hand Draw/Prélèvement manuel,4.31,4.46,mg/L,WB075,Center Buoy/Water chem site B,main,46.73133333,-84.22058333,Quinn Lake
CHL1101,ST079,2003-09-04,3,2,500,10.7,0.003,0.017,0.007,0.007,Hand Draw/Prélèvement manuel,3.31,3.43,mg/L,WB075,Center Buoy/Water chem site B,main,46.73133333,-84.22058333,Quinn Lake
CHL1102,ST079,2003-09-04,3,1,500,12.6,0.003,0.017,0.007,0.006,Hand Draw/Prélèvement manuel,3.9,4.03,mg/L,WB075,Center Buoy/Water chem site B,main,46.73133333,-84.22058333,Quinn Lake
CHL1103,ST068,2003-09-30,1,NA,1000,12,0.002,0.009,0.005,0.004,Hand Draw/Prélèvement manuel,0.9,0.94,mg/L,WB066,Center Buoy/Water chem site B,main,47.06338,-84.390411,Lower Batchawana Lake
CHL1104,ST068,2003-09-30,2,NA,1000,11.4,0.001,0.009,0.004,0.003,Hand Draw/Prélèvement manuel,0.99,1.03,mg/L,WB066,Center Buoy/Water chem site B,main,47.06338,-84.390411,Lower Batchawana Lake
CHL1105,ST068,2003-09-30,3,NA,1000,11.5,0.002,0.009,0.004,0.003,Hand Draw/Prélèvement manuel,0.89,0.92,mg/L,WB066,Center Buoy/Water chem site B,main,47.06338,-84.390411,Lower Batchawana Lake
CHL1106,ST091,2003-09-30,1,NA,1000,10.5,0.001,0.011,0.005,0.003,NA,1.13,1.18,mg/L,WB085,Center Buoy/Water chem site B,main,47.066412,-84.394125,Upper Batchawana Lake
CHL1107,ST091,2003-09-30,2,NA,1000,10.3,0.004,0.013,0.007,0.005,NA,1.01,1.05,mg/L,WB085,Center Buoy/Water chem site B,main,47.066412,-84.394125,Upper Batchawana Lake
CHL1108,ST091,2003-09-30,3,NA,1000,11.3,0.001,0.008,0.003,0.002,NA,0.87,0.9,mg/L,WB085,Center Buoy/Water chem site B,main,47.066412,-84.394125,Upper Batchawana Lake
CHL1109,ST095,2003-09-30,1,NA,1000,14.7,0.002,0.031,0.01,0.008,Hand Draw/Prélèvement manuel,4.72,4.88,mg/L,WB087,Buoy/Water chem site B,main,47.049274,-84.399988,Wishart Lake
CHL1110,ST095,2003-09-30,2,NA,1000,10.3,0.002,0.044,0.013,0.011,Hand Draw/Prélèvement manuel,4.8,4.96,mg/L,WB087,Buoy/Water chem site B,main,47.049274,-84.399988,Wishart Lake
CHL1111,ST095,2003-09-30,3,NA,1000,12.8,0.003,0.037,0.013,0.011,Hand Draw/Prélèvement manuel,4.8,4.97,mg/L,WB087,Buoy/Water chem site B,main,47.049274,-84.399988,Wishart Lake
CHL1112,ST065,2003-09-30,1,NA,1000,11,0.002,0.022,0.009,0.007,Hand Draw/Prélèvement manuel,2.4,2.49,mg/L,NA,Center Buoy/Water chem site B,main,47.043396,-84.408613,Little Turkey Lake
CHL1113,ST065,2003-09-30,2,NA,960,12.5,0.001,0.02,0.005,0.004,Hand Draw/Prélèvement manuel,2.77,2.85,mg/L,NA,Center Buoy/Water chem site B,main,47.043396,-84.408613,Little Turkey Lake
CHL1114,ST065,2003-09-30,3,NA,1000,10,0.03,0.057,0.034,0.033,Hand Draw/Prélèvement manuel,3.06,3.14,mg/L,NA,Center Buoy/Water chem site B,main,47.043396,-84.408613,Little Turkey Lake
CHL1115,ST079,2003-10-08,1,NA,1000,11.6,0.005,0.061,0.019,0.017,Hand Draw/Prélèvement manuel,7.22,7.46,mg/L,WB075,Center Buoy/Water chem site B,main,46.73133333,-84.22058333,Quinn Lake
CHL1116,ST079,2003-10-08,2,NA,1000,10.5,0.002,0.062,0.018,0.016,Hand Draw/Prélèvement manuel,6.99,7.22,mg/L,WB075,Center Buoy/Water chem site B,main,46.73133333,-84.22058333,Quinn Lake
CHL1117,ST079,2003-10-08,3,NA,1000,12.7,0.001,0.046,0.012,0.01,Hand Draw/Prélèvement manuel,6.36,6.57,mg/L,WB075,Center Buoy/Water chem site B,main,46.73133333,-84.22058333,Quinn Lake
CHL1118,ST095,2004-10-03,1,NA,1000,15.1,0.003,0.028,0.008,0.007,NA,4.24,4.36,mg/L,WB087,Buoy/Water chem site B,main,47.049274,-84.399988,Wishart Lake
CHL1119,ST079,2004-10-05,1,1,500,12.5,0.003,0.015,0.005,0.004,NA,3.39,3.48,mg/L,WB075,Center Buoy/Water chem site B,main,46.73133333,-84.22058333,Quinn Lake
CHL1120,ST079,2004-10-05,1,2,500,13.9,0.003,0.013,0.006,0.005,NA,3.06,3.17,mg/L,WB075,Center Buoy/Water chem site B,main,46.73133333,-84.22058333,Quinn Lake
CHL1121,ST079,2005-05-03,3,NA,1000,13.4,0.003,0.019,0.006,0.006,NA,2.41,2.48,mg/L,WB075,Center Buoy/Water chem site B,main,46.73133333,-84.22058333,Quinn Lake
CHL1122,ST068,2005-05-03,1,NA,1000,14.2,0.003,0.016,0.006,0.005,NA,2.06,2.12,mg/L,WB066,Center Buoy/Water chem site B,main,47.06338,-84.390411,Lower Batchawana Lake
CHL1123,ST068,2005-05-03,2,NA,1000,11.7,0.001,0.015,0.004,0.004,NA,1.83,1.89,mg/L,WB066,Center Buoy/Water chem site B,main,47.06338,-84.390411,Lower Batchawana Lake
CHL1124,ST068,2005-05-03,3,NA,1000,14.4,0.004,0.018,0.008,0.007,NA,2.23,2.3,mg/L,WB066,Center Buoy/Water chem site B,main,47.06338,-84.390411,Lower Batchawana Lake
CHL1125,ST091,2005-05-03,2,NA,1000,11.3,0.001,0.015,0.004,0.003,NA,1.77,1.82,mg/L,WB085,Center Buoy/Water chem site B,main,47.066412,-84.394125,Upper Batchawana Lake
CHL1126,ST091,2005-05-03,3,NA,1000,11.2,0.001,0.015,0.005,0.004,NA,1.73,1.79,mg/L,WB085,Center Buoy/Water chem site B,main,47.066412,-84.394125,Upper Batchawana Lake
CHL1127,ST095,2005-05-03,1,NA,1000,13.8,0.002,0.009,0.003,0.003,NA,1.1,1.12,mg/L,WB087,Buoy/Water chem site B,main,47.049274,-84.399988,Wishart Lake
CHL1128,ST095,2005-05-03,2,NA,1000,13.5,0.001,0.009,0.003,0.002,NA,1.2,1.24,mg/L,WB087,Buoy/Water chem site B,main,47.049274,-84.399988,Wishart Lake
CHL1129,ST095,2005-05-03,3,NA,1000,11.2,0.001,0.009,0.002,0.002,NA,1.02,1.05,mg/L,WB087,Buoy/Water chem site B,main,47.049274,-84.399988,Wishart Lake
CHL1130,ST079,2005-05-04,2,NA,980,11.5,0.004,0.028,0.01,0.009,NA,3.13,3.23,mg/L,WB075,Center Buoy/Water chem site B,main,46.73133333,-84.22058333,Quinn Lake
CHL1131,ST065,2005-05-04,1,NA,890,12.5,0.004,0.011,0.005,0.005,NA,1.12,1.14,mg/L,NA,Center Buoy/Water chem site B,main,47.043396,-84.408613,Little Turkey Lake
CHL1132,ST065,2005-05-04,2,NA,940,11.2,0.003,0.011,0.004,0.003,NA,1.08,1.11,mg/L,NA,Center Buoy/Water chem site B,main,47.043396,-84.408613,Little Turkey Lake
CHL1133,ST065,2005-05-04,3,NA,1000,14.4,0.001,0.003,0.001,0.001,NA,0.34,0.34,mg/L,NA,Center Buoy/Water chem site B,main,47.043396,-84.408613,Little Turkey Lake
CHL1134,ST079,2005-06-02,1,NA,1000,10.5,0.002,0.011,0.005,0.003,NA,1.03,1.07,mg/L,WB075,Center Buoy/Water chem site B,main,46.73133333,-84.22058333,Quinn Lake
CHL1135,ST079,2005-06-02,2,NA,1000,11.6,0.001,0.008,0.003,0.001,NA,0.9,0.93,mg/L,WB075,Center Buoy/Water chem site B,main,46.73133333,-84.22058333,Quinn Lake
CHL1136,ST079,2005-06-02,3,NA,1000,12,0.002,0.008,0.004,0.001,NA,0.79,0.82,mg/L,WB075,Center Buoy/Water chem site B,main,46.73133333,-84.22058333,Quinn Lake
CHL1137,ST068,2005-06-07,1,NA,1000,11.4,0.001,0.016,0.005,0.004,NA,1.9,1.96,mg/L,WB066,Center Buoy/Water chem site B,main,47.06338,-84.390411,Lower Batchawana Lake
CHL1138,ST068,2005-06-07,2,NA,1000,10.9,0.007,0.023,0.012,0.01,NA,1.92,1.99,mg/L,WB066,Center Buoy/Water chem site B,main,47.06338,-84.390411,Lower Batchawana Lake
CHL1139,ST068,2005-06-07,3,NA,1000,11.8,0.012,0.029,0.017,0.017,NA,2.21,2.29,mg/L,WB066,Center Buoy/Water chem site B,main,47.06338,-84.390411,Lower Batchawana Lake
CHL1140,ST091,2005-06-07,1,NA,1000,12.5,0.002,0.011,0.005,0.004,NA,1.23,1.28,mg/L,WB085,Center Buoy/Water chem site B,main,47.066412,-84.394125,Upper Batchawana Lake
CHL1141,ST091,2005-06-07,2,NA,1000,13.2,0.001,0.008,0.002,0.002,NA,1.05,1.08,mg/L,WB085,Center Buoy/Water chem site B,main,47.066412,-84.394125,Upper Batchawana Lake
CHL1142,ST091,2005-06-07,3,NA,1000,14.5,0,0.007,0.002,0.001,NA,1.12,1.16,mg/L,WB085,Center Buoy/Water chem site B,main,47.066412,-84.394125,Upper Batchawana Lake
CHL1143,ST095,2005-06-07,1,NA,1000,12.1,0.003,0.018,0.007,0.004,NA,2.01,2.08,mg/L,WB087,Buoy/Water chem site B,main,47.049274,-84.399988,Wishart Lake
CHL1144,ST095,2005-06-07,2,NA,1000,13.2,0.001,0.018,0.006,0.003,NA,2.47,2.56,mg/L,WB087,Buoy/Water chem site B,main,47.049274,-84.399988,Wishart Lake
CHL1145,ST095,2005-06-07,3,NA,1000,10.2,0.004,0.025,0.009,0.008,NA,2.39,2.46,mg/L,WB087,Buoy/Water chem site B,main,47.049274,-84.399988,Wishart Lake
CHL1146,ST065,2005-06-07,1,NA,1000,11.4,0.003,0.013,0.005,0.005,NA,1.28,1.32,mg/L,NA,Center Buoy/Water chem site B,main,47.043396,-84.408613,Little Turkey Lake
CHL1147,ST065,2005-06-07,2,NA,1000,13.9,0.002,0.009,0.004,0.002,NA,1.07,1.11,mg/L,NA,Center Buoy/Water chem site B,main,47.043396,-84.408613,Little Turkey Lake
CHL1148,ST065,2005-06-07,3,NA,1000,9.5,0.003,0.014,0.006,0.003,NA,1.15,1.19,mg/L,NA,Center Buoy/Water chem site B,main,47.043396,-84.408613,Little Turkey Lake
CHL1149,ST068,2005-06-28,1,1,500,11.9,0.005,0.015,0.009,0.009,NA,2.57,2.68,mg/L,WB066,Center Buoy/Water chem site B,main,47.06338,-84.390411,Lower Batchawana Lake
CHL1150,ST068,2005-06-28,1,2,500,12.9,0.001,0.01,0.005,0.003,NA,2.49,2.6,mg/L,WB066,Center Buoy/Water chem site B,main,47.06338,-84.390411,Lower Batchawana Lake
CHL1151,ST068,2005-06-28,2,2,500,13.5,0.002,0.009,0.005,0.004,NA,2.03,2.12,mg/L,WB066,Center Buoy/Water chem site B,main,47.06338,-84.390411,Lower Batchawana Lake
CHL1152,ST068,2005-06-28,2,1,500,16,0.001,0.007,0.003,0.002,NA,2.1,2.18,mg/L,WB066,Center Buoy/Water chem site B,main,47.06338,-84.390411,Lower Batchawana Lake
CHL1153,ST068,2005-06-28,3,1,500,14.3,0.002,0.008,0.003,0.002,NA,1.94,1.99,mg/L,WB066,Center Buoy/Water chem site B,main,47.06338,-84.390411,Lower Batchawana Lake
CHL1154,ST068,2005-06-28,3,2,500,12,0.003,0.008,0.003,0.003,NA,1.4,1.42,mg/L,WB066,Center Buoy/Water chem site B,main,47.06338,-84.390411,Lower Batchawana Lake
CHL1155,ST091,2005-06-28,1,1,500,11.5,0.008,0.023,0.013,0.012,NA,3.78,3.92,mg/L,WB085,Center Buoy/Water chem site B,main,47.066412,-84.394125,Upper Batchawana Lake
CHL1156,ST091,2005-06-28,1,2,500,10.3,0.002,0.015,0.006,0.005,NA,2.95,3.05,mg/L,WB085,Center Buoy/Water chem site B,main,47.066412,-84.394125,Upper Batchawana Lake
CHL1157,ST091,2005-06-28,2,2,500,12.2,0,0.014,0.004,0.003,NA,3.77,3.9,mg/L,WB085,Center Buoy/Water chem site B,main,47.066412,-84.394125,Upper Batchawana Lake
CHL1158,ST091,2005-06-28,2,1,500,11,0.002,0.015,0.004,0.004,NA,3.24,3.32,mg/L,WB085,Center Buoy/Water chem site B,main,47.066412,-84.394125,Upper Batchawana Lake
CHL1159,ST091,2005-06-28,3,1,500,12.2,0.002,0.015,0.006,0.005,NA,3.49,3.61,mg/L,WB085,Center Buoy/Water chem site B,main,47.066412,-84.394125,Upper Batchawana Lake
CHL1160,ST091,2005-06-28,3,2,500,11.3,0.002,0.017,0.006,0.005,NA,3.76,3.88,mg/L,WB085,Center Buoy/Water chem site B,main,47.066412,-84.394125,Upper Batchawana Lake
CHL1161,ST095,2005-06-28,1,NA,1000,13.3,0.004,0.016,0.007,0.005,NA,1.77,1.83,mg/L,WB087,Buoy/Water chem site B,main,47.049274,-84.399988,Wishart Lake
CHL1162,ST095,2005-06-28,2,NA,1000,11,0.002,0.019,0.006,0.004,NA,2.08,2.15,mg/L,WB087,Buoy/Water chem site B,main,47.049274,-84.399988,Wishart Lake
CHL1163,ST095,2005-06-28,3,2,500,11.6,0.001,0.009,0.003,0.003,NA,2.06,2.13,mg/L,WB087,Buoy/Water chem site B,main,47.049274,-84.399988,Wishart Lake
CHL1164,ST095,2005-06-28,3,1,500,14.8,0.006,0.014,0.009,0.009,NA,2.57,2.68,mg/L,WB087,Buoy/Water chem site B,main,47.049274,-84.399988,Wishart Lake
CHL1165,ST065,2005-06-28,1,NA,1000,12.8,0,0.013,0.004,0.003,NA,1.83,1.9,mg/L,NA,Center Buoy/Water chem site B,main,47.043396,-84.408613,Little Turkey Lake
CHL1166,ST065,2005-06-28,2,2,500,12.4,0.001,0.006,0.002,0.001,NA,1.39,1.43,mg/L,NA,Center Buoy/Water chem site B,main,47.043396,-84.408613,Little Turkey Lake
CHL1167,ST065,2005-06-28,2,1,500,14.5,0.004,0.01,0.007,0.007,NA,1.85,1.93,mg/L,NA,Center Buoy/Water chem site B,main,47.043396,-84.408613,Little Turkey Lake
CHL1168,ST065,2005-06-28,3,NA,1000,10.5,0.002,0.02,0.008,0.006,NA,2.07,2.15,mg/L,NA,Center Buoy/Water chem site B,main,47.043396,-84.408613,Little Turkey Lake
CHL1169,ST079,2005-06-29,1,1,500,13,0.003,0.016,0.006,0.004,NA,3.77,3.89,mg/L,WB075,Center Buoy/Water chem site B,main,46.73133333,-84.22058333,Quinn Lake
CHL1170,ST079,2005-06-29,1,2,500,12.8,0.005,0.017,0.008,0.007,NA,3.42,3.53,mg/L,WB075,Center Buoy/Water chem site B,main,46.73133333,-84.22058333,Quinn Lake
CHL1171,ST079,2005-06-29,2,1,500,12.3,0.003,0.018,0.007,0.005,NA,4.09,4.23,mg/L,WB075,Center Buoy/Water chem site B,main,46.73133333,-84.22058333,Quinn Lake
CHL1172,ST079,2005-06-29,2,2,500,13.3,0.003,0.017,0.005,0.005,NA,4.23,4.34,mg/L,WB075,Center Buoy/Water chem site B,main,46.73133333,-84.22058333,Quinn Lake
CHL1173,ST079,2005-06-29,3,2,500,11.2,0.002,0.021,0.009,0.008,NA,4.63,4.81,mg/L,WB075,Center Buoy/Water chem site B,main,46.73133333,-84.22058333,Quinn Lake
CHL1174,ST079,2005-06-29,3,1,500,11.9,0.002,0.016,0.004,0.004,NA,3.78,3.88,mg/L,WB075,Center Buoy/Water chem site B,main,46.73133333,-84.22058333,Quinn Lake
CHL1175,ST068,2005-07-25,1,NA,1000,12.8,0.002,0.014,0.013,0.002,NA,1.48,1.6,mg/L,WB066,Center Buoy/Water chem site B,main,47.06338,-84.390411,Lower Batchawana Lake
CHL1176,ST068,2005-07-25,2,NA,1000,12.5,0.003,0.018,0.008,0.005,NA,2.05,2.13,mg/L,WB066,Center Buoy/Water chem site B,main,47.06338,-84.390411,Lower Batchawana Lake
CHL1177,ST068,2005-07-25,3,NA,1000,11.2,0.002,0.018,0.018,0.004,NA,1.7,1.85,mg/L,WB066,Center Buoy/Water chem site B,main,47.06338,-84.390411,Lower Batchawana Lake
CHL1178,ST091,2005-07-25,1,NA,1000,11.8,0.002,0.011,0.004,0.002,NA,1.19,1.22,mg/L,WB085,Center Buoy/Water chem site B,main,47.066412,-84.394125,Upper Batchawana Lake
CHL1179,ST091,2005-07-25,2,NA,1000,10.5,0.001,0.01,0.009,0.002,NA,0.92,0.99,mg/L,WB085,Center Buoy/Water chem site B,main,47.066412,-84.394125,Upper Batchawana Lake
CHL1180,ST091,2005-07-25,3,NA,1000,12.3,0.003,0.013,0.006,0.005,NA,1.35,1.4,mg/L,WB085,Center Buoy/Water chem site B,main,47.066412,-84.394125,Upper Batchawana Lake
CHL1181,ST079,2005-07-26,1,NA,1000,14.6,0.016,0.04,0.023,0.021,NA,3.87,4,mg/L,WB075,Center Buoy/Water chem site B,main,46.73133333,-84.22058333,Quinn Lake
CHL1182,ST079,2005-07-26,2,1,500,13.6,0.003,0.017,0.008,0.006,NA,4.15,4.31,mg/L,WB075,Center Buoy/Water chem site B,main,46.73133333,-84.22058333,Quinn Lake
CHL1183,ST079,2005-07-26,2,2,500,8.5,0,0.014,0.013,0.003,NA,2.3,2.48,mg/L,WB075,Center Buoy/Water chem site B,main,46.73133333,-84.22058333,Quinn Lake
CHL1184,ST079,2005-07-26,3,1,500,11.7,0.028,0.043,0.031,0.027,NA,3.93,4.05,mg/L,WB075,Center Buoy/Water chem site B,main,46.73133333,-84.22058333,Quinn Lake
CHL1185,ST079,2005-07-26,3,2,500,14,0.002,0.012,0.012,0.004,NA,2.66,2.89,mg/L,WB075,Center Buoy/Water chem site B,main,46.73133333,-84.22058333,Quinn Lake
CHL1186,ST095,2005-07-26,1,2,500,11.8,0.001,0.028,0.009,0.007,NA,7.02,7.27,mg/L,WB087,Buoy/Water chem site B,main,47.049274,-84.399988,Wishart Lake
CHL1187,ST095,2005-07-26,1,1,500,12.8,0.001,0.025,0.007,0.006,NA,6.83,7.05,mg/L,WB087,Buoy/Water chem site B,main,47.049274,-84.399988,Wishart Lake
CHL1188,ST095,2005-07-26,2,1,500,10.8,0.007,0.037,0.017,0.014,NA,7.09,7.36,mg/L,WB087,Buoy/Water chem site B,main,47.049274,-84.399988,Wishart Lake
CHL1189,ST095,2005-07-26,2,2,500,11.8,0.001,0.027,0.008,0.006,NA,6.8,7.03,mg/L,WB087,Buoy/Water chem site B,main,47.049274,-84.399988,Wishart Lake
CHL1190,ST095,2005-07-26,3,1,500,12.2,0.001,0.029,0.009,0.008,NA,7.55,7.81,mg/L,WB087,Buoy/Water chem site B,main,47.049274,-84.399988,Wishart Lake
CHL1191,ST095,2005-07-26,3,2,500,13.8,0.002,0.024,0.023,0.005,NA,5.82,6.31,mg/L,WB087,Buoy/Water chem site B,main,47.049274,-84.399988,Wishart Lake
CHL1192,ST065,2005-07-26,1,2,500,12.8,0.001,0.007,0.002,0.001,NA,1.73,1.78,mg/L,NA,Center Buoy/Water chem site B,main,47.043396,-84.408613,Little Turkey Lake
CHL1193,ST065,2005-07-26,1,1,500,11.3,0.002,0.006,0.005,0.002,NA,0.91,0.97,mg/L,NA,Center Buoy/Water chem site B,main,47.043396,-84.408613,Little Turkey Lake
CHL1194,ST065,2005-07-26,2,1,500,15,0.003,0.01,0.005,0.005,NA,2.32,2.4,mg/L,NA,Center Buoy/Water chem site B,main,47.043396,-84.408613,Little Turkey Lake
CHL1195,ST065,2005-07-26,2,2,500,11.1,0.001,0.007,0.006,0.001,NA,1.31,1.41,mg/L,NA,Center Buoy/Water chem site B,main,47.043396,-84.408613,Little Turkey Lake
CHL1196,ST065,2005-07-26,3,1,500,13.8,0.001,0.007,0.002,0.002,NA,1.87,1.92,mg/L,NA,Center Buoy/Water chem site B,main,47.043396,-84.408613,Little Turkey Lake
CHL1197,ST065,2005-07-26,3,2,500,12,0.009,0.019,0.012,0.012,NA,2.65,2.74,mg/L,NA,Center Buoy/Water chem site B,main,47.043396,-84.408613,Little Turkey Lake
CHL1198,ST079,2005-08-24,1,NA,1000,14.5,0,0.015,0.004,0.004,NA,2.41,2.49,mg/L,WB075,Center Buoy/Water chem site B,main,46.73133333,-84.22058333,Quinn Lake
CHL1199,ST079,2005-08-24,2,NA,1000,13,0.002,0.02,0.006,0.004,NA,2.61,2.69,mg/L,WB075,Center Buoy/Water chem site B,main,46.73133333,-84.22058333,Quinn Lake
CHL1200,ST079,2005-08-24,3,NA,1000,13.2,0.014,0.034,0.021,0.02,NA,2.88,2.99,mg/L,WB075,Center Buoy/Water chem site B,main,46.73133333,-84.22058333,Quinn Lake
CHL1201,ST068,2005-08-25,1,NA,1000,13.8,0.001,0.01,0.004,0.002,NA,1.36,1.41,mg/L,WB066,Center Buoy/Water chem site B,main,47.06338,-84.390411,Lower Batchawana Lake
CHL1202,ST068,2005-08-25,2,NA,1000,11.8,0.013,0.02,0.013,0.012,NA,0.96,0.98,mg/L,WB066,Center Buoy/Water chem site B,main,47.06338,-84.390411,Lower Batchawana Lake
CHL1203,ST068,2005-08-25,3,NA,1000,11.7,0,0.011,0.004,0.002,NA,1.4,1.45,mg/L,WB066,Center Buoy/Water chem site B,main,47.06338,-84.390411,Lower Batchawana Lake
CHL1204,ST091,2005-08-25,1,NA,1000,13.2,0.001,0.011,0.005,0.005,NA,1.43,1.49,mg/L,WB085,Center Buoy/Water chem site B,main,47.066412,-84.394125,Upper Batchawana Lake
CHL1205,ST091,2005-08-25,2,NA,1000,12.4,0.009,0.023,0.012,0.011,NA,1.94,2,mg/L,WB085,Center Buoy/Water chem site B,main,47.066412,-84.394125,Upper Batchawana Lake
CHL1206,ST091,2005-08-25,3,NA,1000,11.8,0.002,0.011,0.004,0.004,NA,1.19,1.22,mg/L,WB085,Center Buoy/Water chem site B,main,47.066412,-84.394125,Upper Batchawana Lake
CHL1207,ST095,2005-08-25,1,NA,1000,13.9,0.004,0.033,0.012,0.011,NA,4.46,4.61,mg/L,WB087,Buoy/Water chem site B,main,47.049274,-84.399988,Wishart Lake
CHL1208,ST095,2005-08-25,2,NA,1000,13.8,0.012,0.039,0.018,0.016,NA,4.16,4.29,mg/L,WB087,Buoy/Water chem site B,main,47.049274,-84.399988,Wishart Lake
CHL1209,ST095,2005-08-25,3,NA,1000,13,0.076,0.081,0.043,0.042,NA,1.64,1.4,mg/L,WB087,Buoy/Water chem site B,main,47.049274,-84.399988,Wishart Lake
CHL1210,ST065,2005-08-25,1,NA,1000,14.8,0.001,0.01,0.004,0.002,NA,1.46,1.51,mg/L,NA,Center Buoy/Water chem site B,main,47.043396,-84.408613,Little Turkey Lake
CHL1211,ST065,2005-08-25,2,NA,1000,11,0.001,0.012,0.003,0.002,NA,1.36,1.4,mg/L,NA,Center Buoy/Water chem site B,main,47.043396,-84.408613,Little Turkey Lake
CHL1212,ST065,2005-08-25,3,NA,1000,13.1,0,0.011,0.005,0.003,NA,1.54,1.61,mg/L,NA,Center Buoy/Water chem site B,main,47.043396,-84.408613,Little Turkey Lake
CHL1213,ST079,2005-09-20,1,2,500,10.9,0.005,0.017,0.006,0.006,NA,3,3.07,mg/L,WB075,Center Buoy/Water chem site B,main,46.73133333,-84.22058333,Quinn Lake
CHL1214,ST079,2005-09-20,1,1,500,12,0.005,0.019,0.013,0.011,NA,3.51,3.7,mg/L,WB075,Center Buoy/Water chem site B,main,46.73133333,-84.22058333,Quinn Lake
CHL1215,ST079,2005-09-20,2,2,500,12.2,0.001,0.01,0.001,0.001,NA,2.56,2.6,mg/L,WB075,Center Buoy/Water chem site B,main,46.73133333,-84.22058333,Quinn Lake
CHL1216,ST079,2005-09-20,2,1,500,13.5,0.007,0.02,0.012,0.012,NA,3.81,3.96,mg/L,WB075,Center Buoy/Water chem site B,main,46.73133333,-84.22058333,Quinn Lake
CHL1217,ST079,2005-09-20,3,2,500,12.8,0.014,0.023,0.014,0.012,NA,2.68,2.73,mg/L,WB075,Center Buoy/Water chem site B,main,46.73133333,-84.22058333,Quinn Lake
CHL1218,ST079,2005-09-20,3,1,500,11.4,0.001,0.012,0.003,0.003,NA,2.83,2.91,mg/L,WB075,Center Buoy/Water chem site B,main,46.73133333,-84.22058333,Quinn Lake
CHL1219,ST068,2005-09-20,1,2,500,12.4,0,0.006,0.002,0.002,NA,1.63,1.69,mg/L,WB066,Center Buoy/Water chem site B,main,47.06338,-84.390411,Lower Batchawana Lake
CHL1220,ST068,2005-09-20,1,1,500,11.4,0,0.006,0.003,0.002,NA,1.45,1.52,mg/L,WB066,Center Buoy/Water chem site B,main,47.06338,-84.390411,Lower Batchawana Lake
CHL1221,ST068,2005-09-20,2,2,500,12.1,0.001,0.007,0.003,0.002,NA,1.59,1.65,mg/L,WB066,Center Buoy/Water chem site B,main,47.06338,-84.390411,Lower Batchawana Lake
CHL1222,ST068,2005-09-20,2,1,500,11.2,0,0.005,0.001,0,NA,1.26,1.29,mg/L,WB066,Center Buoy/Water chem site B,main,47.06338,-84.390411,Lower Batchawana Lake
CHL1223,ST068,2005-09-20,3,2,500,12.2,0.009,0.017,0.013,0.012,NA,2.07,2.17,mg/L,WB066,Center Buoy/Water chem site B,main,47.06338,-84.390411,Lower Batchawana Lake
CHL1224,ST068,2005-09-20,3,1,500,14.8,0.002,0.006,0.003,0.002,NA,1.31,1.36,mg/L,WB066,Center Buoy/Water chem site B,main,47.06338,-84.390411,Lower Batchawana Lake
CHL1225,ST091,2005-09-20,1,NA,1000,14.2,0,0.013,0.003,0.002,NA,2.06,2.12,mg/L,WB085,Center Buoy/Water chem site B,main,47.066412,-84.394125,Upper Batchawana Lake
CHL1226,ST091,2005-09-20,2,2,500,12.5,0.001,0.009,0.003,0.002,NA,2.22,2.29,mg/L,WB085,Center Buoy/Water chem site B,main,47.066412,-84.394125,Upper Batchawana Lake
CHL1227,ST091,2005-09-20,2,1,500,11.2,0.001,0.01,0.004,0.003,NA,2.21,2.29,mg/L,WB085,Center Buoy/Water chem site B,main,47.066412,-84.394125,Upper Batchawana Lake
CHL1228,ST091,2005-09-20,3,2,500,13,0,0.007,0.002,0,NA,2.01,2.08,mg/L,WB085,Center Buoy/Water chem site B,main,47.066412,-84.394125,Upper Batchawana Lake
CHL1229,ST091,2005-09-20,3,1,500,14.2,0,0.007,0.002,0.001,NA,2.19,2.27,mg/L,WB085,Center Buoy/Water chem site B,main,47.066412,-84.394125,Upper Batchawana Lake
CHL1230,ST095,2005-09-20,1,2,500,13,0.005,0.033,0.014,0.013,NA,7.99,8.28,mg/L,WB087,Buoy/Water chem site B,main,47.049274,-84.399988,Wishart Lake
CHL1231,ST095,2005-09-20,1,1,500,11.7,0.002,0.034,0.009,0.009,NA,8.38,8.63,mg/L,WB087,Buoy/Water chem site B,main,47.049274,-84.399988,Wishart Lake
CHL1232,ST095,2005-09-20,2,2,500,14.4,0.001,0.025,0.006,0.006,NA,7.75,7.98,mg/L,WB087,Buoy/Water chem site B,main,47.049274,-84.399988,Wishart Lake
CHL1233,ST095,2005-09-20,2,1,500,11,0.001,0.035,0.009,0.009,NA,8.34,8.61,mg/L,WB087,Buoy/Water chem site B,main,47.049274,-84.399988,Wishart Lake
CHL1234,ST095,2005-09-20,3,2,500,12.1,0.002,0.035,0.01,0.009,NA,8.89,9.18,mg/L,WB087,Buoy/Water chem site B,main,47.049274,-84.399988,Wishart Lake
CHL1235,ST095,2005-09-20,3,1,500,13.8,0.004,0.032,0.01,0.01,NA,8.65,8.92,mg/L,WB087,Buoy/Water chem site B,main,47.049274,-84.399988,Wishart Lake
CHL1236,ST065,2005-09-20,1,2,500,12.4,0.001,0.008,0.003,0.002,NA,1.92,1.98,mg/L,NA,Center Buoy/Water chem site B,main,47.043396,-84.408613,Little Turkey Lake
CHL1237,ST065,2005-09-20,1,1,500,12.3,0,0.006,0.001,0.001,NA,1.67,1.71,mg/L,NA,Center Buoy/Water chem site B,main,47.043396,-84.408613,Little Turkey Lake
CHL1238,ST065,2005-09-20,2,1,500,13.3,0.003,0.009,0.003,0.003,NA,1.86,1.89,mg/L,NA,Center Buoy/Water chem site B,main,47.043396,-84.408613,Little Turkey Lake
CHL1239,ST065,2005-09-20,2,2,500,15.5,0,0.004,0,0,NA,1.44,1.47,mg/L,NA,Center Buoy/Water chem site B,main,47.043396,-84.408613,Little Turkey Lake
CHL1240,ST065,2005-09-20,3,1,500,15.5,0,0.004,0,0,NA,1.44,1.47,mg/L,NA,Center Buoy/Water chem site B,main,47.043396,-84.408613,Little Turkey Lake
CHL1241,ST065,2005-09-20,3,2,500,12.4,0,0.006,0.002,0.001,NA,1.63,1.69,mg/L,NA,Center Buoy/Water chem site B,main,47.043396,-84.408613,Little Turkey Lake
CHL1242,ST068,2005-10-18,1,NA,1000,11.8,0.002,0.014,0.005,0.004,NA,1.57,1.63,mg/L,WB066,Center Buoy/Water chem site B,main,47.06338,-84.390411,Lower Batchawana Lake
CHL1243,ST068,2005-10-18,2,NA,1000,11.4,0,0.015,0.004,0.003,NA,1.9,1.96,mg/L,WB066,Center Buoy/Water chem site B,main,47.06338,-84.390411,Lower Batchawana Lake
CHL1244,ST068,2005-10-18,3,NA,1000,10.5,0,0.016,0.004,0.004,NA,1.87,1.93,mg/L,WB066,Center Buoy/Water chem site B,main,47.06338,-84.390411,Lower Batchawana Lake
CHL1245,ST091,2005-10-18,1,NA,1000,11.5,0.001,0.016,0.005,0.004,NA,1.91,1.98,mg/L,WB085,Center Buoy/Water chem site B,main,47.066412,-84.394125,Upper Batchawana Lake
CHL1246,ST091,2005-10-18,2,NA,1000,11.3,0.001,0.015,0.004,0.003,NA,1.77,1.82,mg/L,WB085,Center Buoy/Water chem site B,main,47.066412,-84.394125,Upper Batchawana Lake
CHL1247,ST091,2005-10-18,3,NA,850,14.2,0,0.011,0.004,0.003,NA,2,2.08,mg/L,WB085,Center Buoy/Water chem site B,main,47.066412,-84.394125,Upper Batchawana Lake
CHL1248,ST095,2005-10-18,1,NA,1000,12.6,0.002,0.044,0.014,0.012,NA,5.85,6.05,mg/L,WB087,Buoy/Water chem site B,main,47.049274,-84.399988,Wishart Lake
CHL1249,ST095,2005-10-18,2,NA,1000,11.2,0.007,0.054,0.02,0.018,NA,5.83,6.02,mg/L,WB087,Buoy/Water chem site B,main,47.049274,-84.399988,Wishart Lake
CHL1250,ST095,2005-10-18,3,NA,1000,14.2,0.002,0.04,0.012,0.012,NA,5.99,6.19,mg/L,WB087,Buoy/Water chem site B,main,47.049274,-84.399988,Wishart Lake
CHL1251,ST065,2005-10-18,1,NA,1000,11.1,0.002,0.023,0.007,0.006,NA,2.6,2.68,mg/L,NA,Center Buoy/Water chem site B,main,47.043396,-84.408613,Little Turkey Lake
CHL1252,ST065,2005-10-18,2,2,500,11.1,0.002,0.013,0.005,0.005,NA,2.71,2.8,mg/L,NA,Center Buoy/Water chem site B,main,47.043396,-84.408613,Little Turkey Lake
CHL1253,ST065,2005-10-18,2,1,500,12.3,0.001,0.01,0.003,0.003,NA,2.48,2.55,mg/L,NA,Center Buoy/Water chem site B,main,47.043396,-84.408613,Little Turkey Lake
CHL1254,ST065,2005-10-18,3,2,500,11.8,0,0.012,0.004,0.003,NA,3.1,3.22,mg/L,NA,Center Buoy/Water chem site B,main,47.043396,-84.408613,Little Turkey Lake
CHL1255,ST065,2005-10-18,3,1,500,12.2,0,0.01,0.003,0.002,NA,2.69,2.78,mg/L,NA,Center Buoy/Water chem site B,main,47.043396,-84.408613,Little Turkey Lake
CHL1256,ST079,2005-10-19,1,NA,1000,11.8,0,0.044,0.011,0.01,NA,5.77,5.96,mg/L,WB075,Center Buoy/Water chem site B,main,46.73133333,-84.22058333,Quinn Lake
CHL1257,ST079,2005-10-19,2,NA,1000,12.5,0.004,0.048,0.016,0.015,NA,6.09,6.3,mg/L,WB075,Center Buoy/Water chem site B,main,46.73133333,-84.22058333,Quinn Lake
CHL1258,ST079,2005-10-19,3,NA,1000,10.1,0,0.053,0.014,0.012,NA,5.94,6.14,mg/L,WB075,Center Buoy/Water chem site B,main,46.73133333,-84.22058333,Quinn Lake
CHL1259,ST068,2008-05-05,1,NA,1000,11.5,0.001,0.004,0.005,0.003,NA,0.3,0.34,mg/L,WB066,Center Buoy/Water chem site B,main,47.06338,-84.390411,Lower Batchawana Lake
CHL1260,ST068,2008-05-05,2,NA,1000,14,0.003,0.005,0.003,0.002,NA,0.32,0.33,mg/L,WB066,Center Buoy/Water chem site B,main,47.06338,-84.390411,Lower Batchawana Lake
CHL1261,ST068,2008-05-05,3,NA,1000,12,0.004,0.006,0.004,0.004,NA,0.28,0.28,mg/L,WB066,Center Buoy/Water chem site B,main,47.06338,-84.390411,Lower Batchawana Lake
CHL1262,ST091,2008-05-05,1,NA,1000,12.9,0.002,0.005,0.003,0.002,NA,0.42,0.44,mg/L,WB085,Center Buoy/Water chem site B,main,47.066412,-84.394125,Upper Batchawana Lake
CHL1263,ST091,2008-05-05,2,NA,1000,11.9,0.002,0.005,0.003,0.002,NA,0.39,0.4,mg/L,WB085,Center Buoy/Water chem site B,main,47.066412,-84.394125,Upper Batchawana Lake
CHL1264,ST091,2008-05-05,3,NA,1000,10.7,0.001,0.005,0.002,0.001,NA,0.48,0.49,mg/L,WB085,Center Buoy/Water chem site B,main,47.066412,-84.394125,Upper Batchawana Lake
CHL1265,ST068,2008-06-11,1,NA,1000,10.4,0,0.006,0.002,0.002,NA,0.68,0.71,mg/L,WB066,Center Buoy/Water chem site B,main,47.06338,-84.390411,Lower Batchawana Lake
CHL1266,ST068,2008-06-11,2,NA,1000,12.4,0.001,0.006,0.003,0.003,NA,0.67,0.7,mg/L,WB066,Center Buoy/Water chem site B,main,47.06338,-84.390411,Lower Batchawana Lake
CHL1267,ST068,2008-06-11,3,NA,1000,11.2,0,0.005,0.002,0.002,NA,0.61,0.63,mg/L,WB066,Center Buoy/Water chem site B,main,47.06338,-84.390411,Lower Batchawana Lake
CHL1268,ST091,2008-06-11,1,NA,1000,10.7,0.003,0.007,0.006,0.006,NA,0.43,0.46,mg/L,WB085,Center Buoy/Water chem site B,main,47.066412,-84.394125,Upper Batchawana Lake
CHL1269,ST091,2008-06-11,2,NA,1000,11.5,0.001,0.005,0.002,0.002,NA,0.51,0.53,mg/L,WB085,Center Buoy/Water chem site B,main,47.066412,-84.394125,Upper Batchawana Lake
CHL1270,ST091,2008-06-11,3,NA,1000,11.2,0.002,0.009,0.005,0.005,NA,0.84,0.88,mg/L,WB085,Center Buoy/Water chem site B,main,47.066412,-84.394125,Upper Batchawana Lake
CHL1271,ST095,2008-06-11,1,NA,1000,12,0.002,0.018,0.008,0.006,NA,2.08,2.17,mg/L,WB087,Buoy/Water chem site B,main,47.049274,-84.399988,Wishart Lake
CHL1272,ST095,2008-06-11,2,NA,1000,11,0.002,0.017,0.008,0.006,NA,1.78,1.86,mg/L,WB087,Buoy/Water chem site B,main,47.049274,-84.399988,Wishart Lake
CHL1273,ST095,2008-06-11,3,NA,1000,10.4,0.004,0.023,0.011,0.01,NA,2.15,2.23,mg/L,WB087,Buoy/Water chem site B,main,47.049274,-84.399988,Wishart Lake
CHL1274,ST065,2008-06-11,1,NA,1000,11,0.002,0.009,0.004,0.003,NA,0.85,0.88,mg/L,NA,Center Buoy/Water chem site B,main,47.043396,-84.408613,Little Turkey Lake
CHL1275,ST065,2008-06-11,2,NA,1000,11.3,0,0.007,0.002,0.001,NA,0.87,0.9,mg/L,NA,Center Buoy/Water chem site B,main,47.043396,-84.408613,Little Turkey Lake
CHL1276,ST065,2008-06-11,3,NA,1000,11.4,0,0.007,0.003,0.002,NA,0.86,0.89,mg/L,NA,Center Buoy/Water chem site B,main,47.043396,-84.408613,Little Turkey Lake
CHL1277,ST068,2008-07-07,1,1,500,12.7,0.001,0.007,0.003,0.002,NA,1.67,1.73,mg/L,WB066,Center Buoy/Water chem site B,main,47.06338,-84.390411,Lower Batchawana Lake
CHL1278,ST068,2008-07-07,1,2,500,12.5,0,0.007,0.002,0.001,NA,1.93,2,mg/L,WB066,Center Buoy/Water chem site B,main,47.06338,-84.390411,Lower Batchawana Lake
CHL1279,ST068,2008-07-07,2,1,500,12.1,0.001,0.008,0.003,0.004,NA,1.87,1.94,mg/L,WB066,Center Buoy/Water chem site B,main,47.06338,-84.390411,Lower Batchawana Lake
CHL1280,ST068,2008-07-07,2,2,500,13.7,0.003,0.008,0.005,0.003,NA,1.48,1.54,mg/L,WB066,Center Buoy/Water chem site B,main,47.06338,-84.390411,Lower Batchawana Lake
CHL1281,ST068,2008-07-07,3,2,500,11,0,0.01,0.003,0.002,NA,2.42,2.51,mg/L,WB066,Center Buoy/Water chem site B,main,47.06338,-84.390411,Lower Batchawana Lake
CHL1282,ST068,2008-07-07,3,1,500,10.7,0,0.008,0.002,0.001,NA,1.9,1.96,mg/L,WB066,Center Buoy/Water chem site B,main,47.06338,-84.390411,Lower Batchawana Lake
CHL1283,ST091,2008-07-07,1,NA,1000,11,0.001,0.019,0.007,0.003,NA,2.16,2.25,mg/L,WB085,Center Buoy/Water chem site B,main,47.066412,-84.394125,Upper Batchawana Lake
CHL1284,ST091,2008-07-07,2,NA,1000,12.6,0,0.015,0.004,0.002,NA,2.09,2.16,mg/L,WB085,Center Buoy/Water chem site B,main,47.066412,-84.394125,Upper Batchawana Lake
CHL1285,ST091,2008-07-07,3,2,500,10.3,0.002,0.01,0.006,0.003,NA,1.74,1.83,mg/L,WB085,Center Buoy/Water chem site B,main,47.066412,-84.394125,Upper Batchawana Lake
CHL1286,ST091,2008-07-07,3,1,500,11.4,0.009,0.019,0.012,0.012,NA,2.51,2.6,mg/L,WB085,Center Buoy/Water chem site B,main,47.066412,-84.394125,Upper Batchawana Lake
CHL1287,ST095,2008-07-07,1,NA,1000,10.8,0.001,0.016,0.005,0.004,NA,1.8,1.86,mg/L,WB087,Buoy/Water chem site B,main,47.049274,-84.399988,Wishart Lake
CHL1288,ST095,2008-07-07,2,NA,1000,14.6,0.001,0.013,0.003,0.003,NA,1.98,2.03,mg/L,WB087,Buoy/Water chem site B,main,47.049274,-84.399988,Wishart Lake
CHL1289,ST095,2008-07-07,3,NA,1000,12.5,0.001,0.013,0.004,0.003,NA,1.67,1.72,mg/L,WB087,Buoy/Water chem site B,main,47.049274,-84.399988,Wishart Lake
CHL1290,ST065,2008-07-07,1,1,500,10.5,0,0.005,0.002,0.001,NA,1.13,1.18,mg/L,NA,Center Buoy/Water chem site B,main,47.043396,-84.408613,Little Turkey Lake
CHL1291,ST065,2008-07-07,1,2,500,10.8,0.001,0.008,0.003,0.003,NA,1.67,1.73,mg/L,NA,Center Buoy/Water chem site B,main,47.043396,-84.408613,Little Turkey Lake
CHL1292,ST065,2008-07-07,2,NA,890,10.2,0.002,0.012,0.005,0.004,NA,1.26,1.31,mg/L,NA,Center Buoy/Water chem site B,main,47.043396,-84.408613,Little Turkey Lake
CHL1293,ST065,2008-07-07,3,1,500,13.2,0,0.005,0.002,0.002,NA,1.43,1.49,mg/L,NA,Center Buoy/Water chem site B,main,47.043396,-84.408613,Little Turkey Lake
CHL1294,ST065,2008-07-07,3,2,500,12.6,0,0.005,0.002,0.001,NA,1.36,1.42,mg/L,NA,Center Buoy/Water chem site B,main,47.043396,-84.408613,Little Turkey Lake
CHL1295,ST068,2008-08-06,1,NA,1000,11.8,0.001,0.013,0.004,0.003,NA,1.57,1.63,mg/L,WB066,Center Buoy/Water chem site B,main,47.06338,-84.390411,Lower Batchawana Lake
CHL1296,ST068,2008-08-06,2,NA,1000,12,0,0.015,0.005,0.004,NA,1.97,2.04,mg/L,WB066,Center Buoy/Water chem site B,main,47.06338,-84.390411,Lower Batchawana Lake
CHL1297,ST068,2008-08-06,3,NA,1000,11.6,0.001,0.015,0.005,0.005,NA,1.79,1.86,mg/L,WB066,Center Buoy/Water chem site B,main,47.06338,-84.390411,Lower Batchawana Lake
CHL1298,ST091,2008-08-06,1,NA,1000,12.3,0.002,0.013,0.005,0.004,NA,1.5,1.55,mg/L,WB085,Center Buoy/Water chem site B,main,47.066412,-84.394125,Upper Batchawana Lake
CHL1299,ST091,2008-08-06,2,NA,1000,12,0.002,0.01,0.003,0.004,NA,1.09,1.12,mg/L,WB085,Center Buoy/Water chem site B,main,47.066412,-84.394125,Upper Batchawana Lake
CHL1300,ST091,2008-08-06,3,NA,1000,11.2,0.002,0.013,0.005,0.004,NA,1.36,1.41,mg/L,WB085,Center Buoy/Water chem site B,main,47.066412,-84.394125,Upper Batchawana Lake
CHL1301,ST095,2008-08-06,1,NA,1000,11,0.003,0.023,0.008,0.008,NA,2.45,2.53,mg/L,WB087,Buoy/Water chem site B,main,47.049274,-84.399988,Wishart Lake
CHL1302,ST095,2008-08-06,2,NA,1000,11.8,0.002,0.022,0.007,0.007,NA,2.63,2.71,mg/L,WB087,Buoy/Water chem site B,main,47.049274,-84.399988,Wishart Lake
CHL1303,ST095,2008-08-06,3,NA,1000,12.1,0.002,0.022,0.007,0.006,NA,2.69,2.78,mg/L,WB087,Buoy/Water chem site B,main,47.049274,-84.399988,Wishart Lake
CHL1304,ST065,2008-08-06,1,NA,1000,12.8,0.002,0.008,0.004,0.005,NA,0.84,0.87,mg/L,NA,Center Buoy/Water chem site B,main,47.043396,-84.408613,Little Turkey Lake
CHL1305,ST065,2008-08-06,2,NA,1000,10.3,0.002,0.012,0.004,0.004,NA,1.16,1.19,mg/L,NA,Center Buoy/Water chem site B,main,47.043396,-84.408613,Little Turkey Lake
CHL1306,ST065,2008-08-06,3,NA,1000,12.1,0.002,0.011,0.004,0.004,NA,1.22,1.26,mg/L,NA,Center Buoy/Water chem site B,main,47.043396,-84.408613,Little Turkey Lake
CHL1307,ST068,2008-09-08,1,NA,1000,10.8,0.001,0.013,0.004,0.003,NA,1.44,1.49,mg/L,WB066,Center Buoy/Water chem site B,main,47.06338,-84.390411,Lower Batchawana Lake
CHL1308,ST068,2008-09-08,2,NA,970,10.8,0.005,0.018,0.009,0.008,NA,1.59,1.65,mg/L,WB066,Center Buoy/Water chem site B,main,47.06338,-84.390411,Lower Batchawana Lake
CHL1309,ST068,2008-09-08,3,NA,1000,12,0.001,0.011,0.005,0.004,NA,1.3,1.35,mg/L,WB066,Center Buoy/Water chem site B,main,47.06338,-84.390411,Lower Batchawana Lake
CHL1310,ST091,2008-09-08,1,NA,1000,11.6,0.001,0.011,0.005,0.004,NA,1.25,1.31,mg/L,WB085,Center Buoy/Water chem site B,main,47.066412,-84.394125,Upper Batchawana Lake
CHL1311,ST091,2008-09-08,2,NA,1000,11.8,0.001,0.01,0.004,0.004,NA,1.16,1.21,mg/L,WB085,Center Buoy/Water chem site B,main,47.066412,-84.394125,Upper Batchawana Lake
CHL1312,ST091,2008-09-08,3,NA,990,11.5,0.003,0.011,0.006,0.006,NA,1.01,1.05,mg/L,WB085,Center Buoy/Water chem site B,main,47.066412,-84.394125,Upper Batchawana Lake
CHL1313,ST095,2008-09-08,1,1,500,13,0.002,0.023,0.009,0.009,NA,5.98,6.2,mg/L,WB087,Buoy/Water chem site B,main,47.049274,-84.399988,Wishart Lake
CHL1314,ST095,2008-09-08,1,2,500,11,0,0.027,0.007,0.007,NA,6.6,6.81,mg/L,WB087,Buoy/Water chem site B,main,47.049274,-84.399988,Wishart Lake
CHL1315,ST095,2008-09-08,2,2,460,11.2,0.001,0.03,0.009,0.009,NA,7.82,8.08,mg/L,WB087,Buoy/Water chem site B,main,47.049274,-84.399988,Wishart Lake
CHL1316,ST095,2008-09-08,2,1,500,11.4,0,0.023,0.007,0.006,NA,5.77,5.98,mg/L,WB087,Buoy/Water chem site B,main,47.049274,-84.399988,Wishart Lake
CHL1317,ST095,2008-09-08,3,2,500,10.3,0.001,0.025,0.008,0.008,NA,5.46,5.65,mg/L,WB087,Buoy/Water chem site B,main,47.049274,-84.399988,Wishart Lake
CHL1318,ST095,2008-09-08,3,1,500,10.6,0.001,0.026,0.009,0.008,NA,5.82,6.03,mg/L,WB087,Buoy/Water chem site B,main,47.049274,-84.399988,Wishart Lake
CHL1319,ST065,2008-09-08,1,NA,1000,11.8,0.002,0.014,0.005,0.005,NA,1.58,1.63,mg/L,NA,Center Buoy/Water chem site B,main,47.043396,-84.408613,Little Turkey Lake
CHL1320,ST065,2008-09-08,2,NA,1000,14.7,0.004,0.012,0.005,0.004,NA,1.34,1.37,mg/L,NA,Center Buoy/Water chem site B,main,47.043396,-84.408613,Little Turkey Lake
CHL1321,ST065,2008-09-08,3,NA,1000,10,0.003,0.019,0.007,0.007,NA,1.78,1.84,mg/L,NA,Center Buoy/Water chem site B,main,47.043396,-84.408613,Little Turkey Lake
CHL1322,ST068,2008-10-07,1,NA,1000,10.8,0.006,0.013,0.008,0.008,NA,0.84,0.86,mg/L,WB066,Center Buoy/Water chem site B,main,47.06338,-84.390411,Lower Batchawana Lake
CHL1323,ST068,2008-10-07,2,NA,1000,11.4,0.002,0.008,0.003,0.003,NA,0.77,0.79,mg/L,WB066,Center Buoy/Water chem site B,main,47.06338,-84.390411,Lower Batchawana Lake
CHL1324,ST068,2008-10-07,3,NA,1000,9.5,0.005,0.01,0.006,0.006,NA,0.53,0.55,mg/L,WB066,Center Buoy/Water chem site B,main,47.06338,-84.390411,Lower Batchawana Lake
CHL1325,ST091,2008-10-07,1,NA,1000,12.4,0.001,0.006,0.002,0,NA,0.69,0.71,mg/L,WB085,Center Buoy/Water chem site B,main,47.066412,-84.394125,Upper Batchawana Lake
CHL1326,ST091,2008-10-07,2,NA,1000,10.2,0.005,0.016,0.009,0.009,NA,1.22,1.27,mg/L,WB085,Center Buoy/Water chem site B,main,47.066412,-84.394125,Upper Batchawana Lake
CHL1327,ST091,2008-10-07,3,NA,1000,10.5,0.003,0.012,0.005,0.005,NA,1.06,1.09,mg/L,WB085,Center Buoy/Water chem site B,main,47.066412,-84.394125,Upper Batchawana Lake
CHL1328,ST095,2008-10-07,2,NA,1000,13.1,0.01,0.029,0.019,0.019,NA,2.65,2.78,mg/L,WB087,Buoy/Water chem site B,main,47.049274,-84.399988,Wishart Lake
CHL1329,ST095,2008-10-07,3,NA,1000,10.7,0.002,0.023,0.008,0.008,NA,2.48,2.57,mg/L,WB087,Buoy/Water chem site B,main,47.049274,-84.399988,Wishart Lake
CHL1330,ST065,2008-10-07,1,NA,1000,11.8,0.004,0.023,0.01,0.01,NA,2.46,2.55,mg/L,NA,Center Buoy/Water chem site B,main,47.043396,-84.408613,Little Turkey Lake
CHL1331,ST065,2008-10-07,2,NA,1000,11.8,0.012,0.038,0.021,0.019,NA,3.35,3.48,mg/L,NA,Center Buoy/Water chem site B,main,47.043396,-84.408613,Little Turkey Lake
CHL1332,ST065,2008-10-07,3,NA,1000,11.8,0.001,0.021,0.006,0.006,NA,2.63,2.71,mg/L,NA,Center Buoy/Water chem site B,main,47.043396,-84.408613,Little Turkey Lake
CHL1333,ST095,2010-10-08,1,NA,961,10.9,0.002,0.041,0.013,0.011,NA,4.89,5.06,mg/L,WB087,Buoy/Water chem site B,main,47.049274,-84.399988,Wishart Lake
CHL1334,ST079,2010-10-10,1,NA,500,12.8,0.011,0.02,0.015,0.014,NA,2.47,2.58,mg/L,WB075,Center Buoy/Water chem site B,main,46.73133333,-84.22058333,Quinn Lake
CHL1335,ST079,2010-10-10,2,NA,500,10.6,0.005,0.016,0.012,0.012,NA,2.41,2.55,mg/L,WB075,Center Buoy/Water chem site B,main,46.73133333,-84.22058333,Quinn Lake
CHL1336,ST001,2000-10-04,1,NA,500,11.6,0,0.008,0.003,0.003,NA,0.00202,0.0021000000000000003,mg/L,WB001,Main station,main,46.91166667,-84.35972222,Begley Lake
CHL1337,ST001,2004-10-04,1,NA,1000,11,0.016,0.04,0.025,0.024,NA,0.00287,0.00298,mg/L,WB001,Main station,main,46.91166667,-84.35972222,Begley Lake
CHL1338,ST001,2010-10-09,1,NA,1000,11.3,0.003,0.014,0.008,0.008,NA,0.00133,0.00139,mg/L,WB001,Main station,main,46.91166667,-84.35972222,Begley Lake
CHL1339,ST002,2000-10-03,1,NA,500,12.4,0.002,0.015,0.009,0.005,NA,0.0033900000000000002,0.0035600000000000002,mg/L,WB002,Main station,main,47.25194444,-83.86722222,Bliss Lake
CHL1340,ST002,2000-10-03,2,NA,500,13,0.005,0.019,0.009,0.008,NA,0.004019999999999999,0.0041600000000000005,mg/L,WB002,Main station,main,47.25194444,-83.86722222,Bliss Lake
CHL1341,ST002,2004-10-06,1,1,500,15,0.019,0.042,0.025,0.023,NA,0.0076500000000000005,0.00791,mg/L,WB002,Main station,main,47.25194444,-83.86722222,Bliss Lake
CHL1342,ST002,2004-10-06,1,2,500,11.8,0.011,0.032,0.015,0.014,NA,0.00557,0.005730000000000001,mg/L,WB002,Main station,main,47.25194444,-83.86722222,Bliss Lake
CHL1343,ST002,2010-10-08,1,NA,500,11.9,0.001,0.017,0.006,0.005,NA,0.00418,0.00434,mg/L,WB002,Main station,main,47.25194444,-83.86722222,Bliss Lake
CHL1344,ST003,2000-10-04,1,NA,500,13.6,0.002,0.023,0.008,0.007,NA,0.00631,0.00653,mg/L,WB003,Main station,main,46.88444444,-84.05305556,Brook Lake
CHL1345,ST003,2004-10-05,1,1,500,13.4,0.002,0.024,0.009,0.008,NA,0.00647,0.00671,mg/L,WB003,Main station,main,46.88444444,-84.05305556,Brook Lake
CHL1346,ST003,2004-10-05,1,2,500,14.7,0.002,0.025,0.008,0.007,NA,0.0075,0.00775,mg/L,WB003,Main station,main,46.88444444,-84.05305556,Brook Lake
CHL1347,ST003,2010-10-09,1,NA,500,12.4,0.006,0.034,0.019,0.015,NA,0.00741,0.00775,mg/L,WB003,Main station,main,46.88444444,-84.05305556,Brook Lake
CHL1348,ST004,2000-10-03,1,NA,500,11.1,0.008,0.021,0.013,0.014,NA,0.00313,0.00326,mg/L,WB004,Main station,main,47.201335,-84.418878,Butter Lake
CHL1349,ST004,2000-10-03,2,NA,500,10.5,0.002,0.015,0.008,0.005,NA,0.0029100000000000003,0.0030499999999999998,mg/L,WB004,Main station,main,47.201335,-84.418878,Butter Lake
CHL1350,ST004,2004-10-04,1,1,500,11.5,0.007,0.019,0.01,0.009,NA,0.00307,0.00317,mg/L,WB004,Main station,main,47.201335,-84.418878,Butter Lake
CHL1351,ST004,2004-10-04,1,2,500,15.3,0.004,0.013,0.007,0.006,NA,0.0030099999999999997,0.00313,mg/L,WB004,Main station,main,47.201335,-84.418878,Butter Lake
CHL1352,ST004,2010-10-09,1,NA,500,13.9,0.002,0.009,0.005,0.005,NA,0.00209,0.00218,mg/L,WB004,Main station,main,47.201335,-84.418878,Butter Lake
CHL1353,ST004,2010-10-09,2,NA,500,11.3,0,0.009,0.003,0.003,NA,0.00223,0.00231,mg/L,WB004,Main station,main,47.201335,-84.418878,Butter Lake
CHL1354,ST005,2000-10-04,1,NA,500,11.7,0.001,0.009,0.002,0.003,NA,0.00213,0.00219,mg/L,WB005,Main station,main,46.68386111,-84.11925,Clearwater Lake
CHL1355,ST005,2004-10-07,1,2,500,12.2,0.002,0.008,0.003,0.002,NA,0.00165,0.0017,mg/L,WB005,Main station,main,46.68386111,-84.11925,Clearwater Lake
CHL1356,ST005,2004-10-07,1,1,500,12.4,0.002,0.007,0.004,0.004,NA,0.00134,0.0014,mg/L,WB005,Main station,main,46.68386111,-84.11925,Clearwater Lake
CHL1357,ST005,2010-10-10,1,NA,500,10.4,0.003,0.007,0.004,0.004,NA,0.00093000000000000005,9.6e-4,mg/L,WB005,Main station,main,46.68386111,-84.11925,Clearwater Lake
CHL1358,ST005,2010-10-10,2,NA,500,11.5,0.003,0.008,0.004,0.006,NA,0.0013000000000000002,0.00133,mg/L,WB005,Main station,main,46.68386111,-84.11925,Clearwater Lake
CHL1359,ST011,2000-10-05,1,NA,500,14.9,0,0.008,0.003,0.003,NA,0.00259,0.00269,mg/L,WB011,Main station,main,46.85413889,-83.78675,HT01
CHL1360,ST011,2004-10-06,1,1,500,12.4,0.004,0.04,0.014,0.012,NA,0.009880000000000002,0.01021,mg/L,WB011,Main station,main,46.85413889,-83.78675,HT01
CHL1361,ST011,2004-10-06,1,2,500,11.1,0.01,0.049,0.02,0.019,NA,0.00962,0.00993,mg/L,WB011,Main station,main,46.85413889,-83.78675,HT01
CHL1362,ST011,2010-10-11,2,NA,500,10.5,0.007,0.035,0.017,0.016,NA,0.00641,0.00666,mg/L,WB011,Main station,main,46.85413889,-83.78675,HT01
CHL1363,ST011,2010-10-11,NA,NA,500,13,0.009,0.034,0.018,0.017,NA,0.00708,0.00736,mg/L,WB011,Main station,main,46.85413889,-83.78675,HT01
CHL1364,ST012,2000-10-05,1,NA,500,13.6,0.001,0.004,0.002,0.001,NA,8.900000000000001e-4,0.00093000000000000005,mg/L,WB012,Main station,main,46.82547222,-83.83386111,HT05
CHL1365,ST012,2004-10-06,1,2,500,11.3,0.008,0.035,0.014,0.013,NA,0.0068200000000000005,0.007030000000000001,mg/L,WB012,Main station,main,46.82547222,-83.83386111,HT05
CHL1366,ST012,2004-10-06,1,1,500,11,0.004,0.024,0.008,0.007,NA,0.004940000000000001,0.00508,mg/L,WB012,Main station,main,46.82547222,-83.83386111,HT05
CHL1367,ST012,2010-10-11,1,NA,1000,12.2,0.009,0.015,0.012,0.012,NA,7.800000000000001e-4,8.100000000000001e-4,mg/L,WB012,Main station,main,46.82547222,-83.83386111,HT05
CHL1368,ST014,2000-10-03,1,NA,500,11.9,0.001,0.009,0.004,0.002,NA,0.00206,0.00215,mg/L,WB014,Main station,main,47.17002778,-84.54972222,Huff Lake
CHL1369,ST014,2000-10-03,2,NA,500,12.3,0.004,0.011,0.008,0.004,NA,0.0017900000000000001,0.00189,mg/L,WB014,Main station,main,47.17002778,-84.54972222,Huff Lake
CHL1370,ST014,2004-10-04,1,1,500,11.6,0.002,0.012,0.005,0.004,NA,0.0025499999999999997,0.00265,mg/L,WB014,Main station,main,47.17002778,-84.54972222,Huff Lake
CHL1371,ST014,2004-10-04,1,2,500,11.5,0.009,0.017,0.009,0.007,NA,0.00214,0.00218,mg/L,WB014,Main station,main,47.17002778,-84.54972222,Huff Lake
CHL1372,ST014,2010-10-08,1,NA,500,11.8,0.002,0.009,0.003,0.003,NA,0.0018700000000000001,0.00192,mg/L,WB014,Main station,main,47.17002778,-84.54972222,Huff Lake
CHL1373,ST014,2010-10-08,2,NA,500,14.8,0.002,0.008,0.003,0.002,NA,0.002,0.00206,mg/L,WB014,Main station,main,47.17002778,-84.54972222,Huff Lake
CHL1374,ST015,2000-10-03,NA,NA,1000,12,0,0.011,0.004,0.002,NA,0.0014399999999999999,0.00149,mg/L,WB015,Main station,main,47.222734,-83.943471,Irene Lake
CHL1375,ST015,2004-10-06,1,2,500,13.1,0.003,0.009,0.004,0.004,NA,0.0017800000000000001,0.00182,mg/L,WB015,Main station,main,47.222734,-83.943471,Irene Lake
CHL1376,ST015,2004-10-06,1,1,500,13.9,0.003,0.009,0.004,0.003,NA,0.00188,0.00193,mg/L,WB015,Main station,main,47.222734,-83.943471,Irene Lake
CHL1377,ST015,2010-10-08,1,NA,500,11.4,0.003,0.01,0.005,0.004,NA,0.00176,0.00182,mg/L,WB015,Main station,main,47.222734,-83.943471,Irene Lake
CHL1378,ST015,2010-10-08,2,NA,500,11.3,0.002,0.01,0.004,0.003,NA,0.0020099999999999996,0.00207,mg/L,WB015,Main station,main,47.222734,-83.943471,Irene Lake
CHL1379,ST016,2000-10-04,1,NA,500,12.1,0.001,0.023,0.007,0.007,NA,0.005900000000000001,0.0060999999999999995,mg/L,WB016,Main station,main,46.925798,-84.050554,Jimbob Lake
CHL1380,ST016,2004-10-05,1,2,500,13.4,0.004,0.019,0.008,0.007,NA,0.00446,0.00461,mg/L,WB016,Main station,main,46.925798,-84.050554,Jimbob Lake
CHL1381,ST016,2004-10-05,1,1,500,12.5,0.002,0.017,0.005,0.004,NA,0.00421,0.0043300000000000005,mg/L,WB016,Main station,main,46.925798,-84.050554,Jimbob Lake
CHL1382,ST016,2010-10-09,1,NA,500,10.8,0.001,0.024,0.008,0.008,NA,0.00547,0.00567,mg/L,WB016,Main station,main,46.925798,-84.050554,Jimbob Lake
CHL1383,ST016,2010-10-09,2,NA,500,11.4,0,0.025,0.008,0.006,NA,0.00625,0.0064800000000000005,mg/L,WB016,Main station,main,46.925798,-84.050554,Jimbob Lake
CHL1384,ST020,2000-10-04,1,1,500,12.4,0.002,0.021,0.006,0.005,NA,0.00528,0.00544,mg/L,WB020,Main station,main,46.81875,-84.37963889,Lake JR01
CHL1385,ST020,2000-10-04,1,2,500,11.9,0.001,0.015,0.003,0.003,NA,0.00378,0.0038799999999999998,mg/L,WB020,Main station,main,46.81875,-84.37963889,Lake JR01
CHL1386,ST020,2004-10-05,1,2,500,12.2,0.003,0.015,0.006,0.005,NA,0.0032500000000000003,0.00336,mg/L,WB020,Main station,main,46.81875,-84.37963889,Lake JR01
CHL1387,ST020,2004-10-05,1,1,500,12.5,0.006,0.017,0.009,0.008,NA,0.00304,0.00315,mg/L,WB020,Main station,main,46.81875,-84.37963889,Lake JR01
CHL1388,ST020,2010-10-10,1,NA,500,12.1,0,0.008,0.003,0.003,NA,0.0021000000000000003,0.00219,mg/L,WB020,Main station,main,46.81875,-84.37963889,Lake JR01
CHL1389,ST020,2010-10-10,2,NA,500,12,0.001,0.009,0.005,0.005,NA,0.00204,0.00214,mg/L,WB020,Main station,main,46.81875,-84.37963889,Lake JR01
CHL1390,ST021,2000-10-04,1,NA,500,12.8,0.003,0.01,0.006,0.004,NA,0.00192,0.0020099999999999996,mg/L,WB021,Main station,main,46.91194444,-84.275,Lake JR02
CHL1391,ST021,2004-10-04,1,2,500,13.2,0.005,0.015,0.008,0.006,NA,0.0029,0.0030099999999999997,mg/L,WB021,Main station,main,46.91194444,-84.275,Lake JR02
CHL1392,ST021,2004-10-04,1,1,500,12.1,0.002,0.013,0.006,0.004,NA,0.00289,0.0030099999999999997,mg/L,WB021,Main station,main,46.91194444,-84.275,Lake JR02
CHL1393,ST021,2010-10-10,1,NA,1000,10.6,0.009,0.031,0.018,0.017,NA,0.00252,0.0026200000000000004,mg/L,WB021,Main station,main,46.91194444,-84.275,Lake JR02
CHL1394,ST022,2000-10-04,1,NA,500,13,0.002,0.004,0.002,0.001,NA,6e-4,6.1e-4,mg/L,WB022,Main station,main,46.92733333,-84.22830556,Lake JR03
CHL1395,ST022,2004-10-03,1,NA,1000,12.6,0.003,0.012,0.005,0.005,NA,0.00127,0.0013100000000000002,mg/L,WB022,Main station,main,46.92733333,-84.22830556,Lake JR03
CHL1396,ST022,2010-10-09,1,NA,500,11.8,0.003,0.011,0.006,0.006,NA,0.0020499999999999997,0.00213,mg/L,WB022,Main station,main,46.92733333,-84.22830556,Lake JR03
CHL1397,ST022,2010-10-09,2,NA,500,10.2,0.002,0.009,0.003,0.003,NA,0.0016200000000000001,0.00166,mg/L,WB022,Main station,main,46.92733333,-84.22830556,Lake JR03
CHL1398,ST023,2004-10-05,1,1,500,13.3,0.004,0.018,0.009,0.008,NA,0.004059999999999999,0.00422,mg/L,WB023,Main station,main,46.88333333,-84.20033333,Lake JR04
CHL1399,ST023,2004-10-05,1,2,500,14.1,0.016,0.029,0.019,0.017,NA,0.00409,0.00422,mg/L,WB023,Main station,main,46.88333333,-84.20033333,Lake JR04
CHL1400,ST023,2010-10-09,1,NA,1000,11.5,0.001,0.049,0.018,0.014,NA,0.006019999999999999,0.00625,mg/L,WB023,Main station,main,46.88333333,-84.20033333,Lake JR04
CHL1401,ST024,2000-10-04,1,NA,500,12.7,0,0.007,0.002,0.003,NA,0.00197,0.0020299999999999997,mg/L,WB024,Main station,main,46.86458333,-84.18772222,Lake JR05
CHL1402,ST024,2004-10-05,1,2,500,13.5,0.003,0.016,0.007,0.006,NA,0.00386,0.004,mg/L,WB024,Main station,main,46.86458333,-84.18772222,Lake JR05
CHL1403,ST024,2004-10-05,1,1,500,13.6,0.001,0.016,0.005,0.004,NA,0.00452,0.00467,mg/L,WB024,Main station,main,46.86458333,-84.18772222,Lake JR05
CHL1404,ST024,2010-10-09,2,NA,500,12.3,0,0.016,0.008,0.005,NA,0.00417,0.004370000000000001,mg/L,WB024,Main station,main,46.86458333,-84.18772222,Lake JR05
CHL1405,ST028,2000-10-04,1,NA,800,13.8,0.001,0.005,0.003,0.003,NA,7.3e-4,7.700000000000001e-4,mg/L,WB028,Main station,main,46.871072,-84.132323,Lake JR09
CHL1406,ST028,2000-10-04,2,NA,500,12,0,0.002,0,0,NA,5.600000000000001e-4,5.7e-4,mg/L,WB028,Main station,main,46.871072,-84.132323,Lake JR09
CHL1407,ST028,2004-10-05,1,2,500,11.8,0.004,0.007,0.005,0.005,NA,7.800000000000001e-4,8e-4,mg/L,WB028,Main station,main,46.871072,-84.132323,Lake JR09
CHL1408,ST028,2004-10-05,1,1,500,11.4,0.002,0.005,0.004,0.003,NA,7e-4,7.4e-4,mg/L,WB028,Main station,main,46.871072,-84.132323,Lake JR09
CHL1409,ST028,2010-10-09,1,NA,500,11,0.002,0.006,0.003,0.003,NA,9.8e-4,0.00101,mg/L,WB028,Main station,main,46.871072,-84.132323,Lake JR09
CHL1410,ST028,2010-10-09,2,NA,500,11.5,0.003,0.004,0.003,0.004,NA,2.7e-4,2.7e-4,mg/L,WB028,Main station,main,46.871072,-84.132323,Lake JR09
CHL1411,ST029,2000-10-04,1,NA,500,14.1,0,0.012,0.003,0.003,NA,0.00376,0.0038900000000000002,mg/L,WB029,Main station,main,46.83611111,-84.14888889,Lake JR10
CHL1412,ST029,2004-10-05,1,1,500,12.2,0.007,0.024,0.011,0.011,NA,0.00463,0.00477,mg/L,WB029,Main station,main,46.83611111,-84.14888889,Lake JR10
CHL1413,ST029,2004-10-05,1,2,500,12.4,0.001,0.018,0.006,0.006,NA,0.0046500000000000005,0.00481,mg/L,WB029,Main station,main,46.83611111,-84.14888889,Lake JR10
CHL1414,ST029,2010-10-09,1,NA,500,12.8,0.003,0.018,0.008,0.006,NA,0.004200000000000001,0.00436,mg/L,WB029,Main station,main,46.83611111,-84.14888889,Lake JR10
CHL1415,ST030,2000-10-03,NA,NA,500,13.2,0.001,0.028,0.008,0.008,NA,0.00792,0.00818,mg/L,WB030,Main station,main,47.124578,-84.278211,Lake JR11
CHL1416,ST030,2004-10-04,1,1,500,15.5,0.029,0.048,0.036,0.033,NA,0.0064,0.00666,mg/L,WB030,Main station,main,47.124578,-84.278211,Lake JR11
CHL1417,ST030,2004-10-04,1,2,500,12.8,0.005,0.025,0.011,0.01,NA,0.00564,0.00584,mg/L,WB030,Main station,main,47.124578,-84.278211,Lake JR11
CHL1418,ST030,2010-10-08,1,NA,1000,12.8,0.002,0.026,0.009,0.007,NA,0.0033900000000000002,0.0035099999999999997,mg/L,WB030,Main station,main,47.124578,-84.278211,Lake JR11
CHL1419,ST031,2000-10-03,NA,NA,500,13.2,0.001,0.027,0.01,0.007,NA,0.00749,0.0077800000000000005,mg/L,WB031,Main station,main,47.135599,-84.264509,Lake JR12
CHL1420,ST031,2004-10-04,1,2,500,12.7,0.003,0.023,0.009,0.007,NA,0.00559,0.00579,mg/L,WB031,Main station,main,47.135599,-84.264509,Lake JR12
CHL1421,ST031,2004-10-04,1,1,500,11.4,0.004,0.014,0.007,0.006,NA,0.0025099999999999996,0.0026000000000000003,mg/L,WB031,Main station,main,47.135599,-84.264509,Lake JR12
CHL1422,ST031,2010-10-08,1,NA,500,15.2,0.002,0.016,0.006,0.005,NA,0.0047,0.004860000000000001,mg/L,WB031,Main station,main,47.135599,-84.264509,Lake JR12
CHL1423,ST031,2010-10-08,2,NA,500,15.2,0.001,0.02,0.009,0.006,NA,0.00621,0.0064800000000000005,mg/L,WB031,Main station,main,47.135599,-84.264509,Lake JR12
CHL1424,ST032,2000-10-03,NA,NA,500,13.5,0,0.009,0.003,0.003,NA,0.00266,0.00276,mg/L,WB032,Main station,main,47.154602,-84.218738,Lake JR13
CHL1425,ST032,2004-10-04,1,1,500,12.3,0.005,0.018,0.01,0.008,NA,0.00346,0.00361,mg/L,WB032,Main station,main,47.154602,-84.218738,Lake JR13
CHL1426,ST032,2004-10-04,1,2,500,12,0.003,0.017,0.007,0.006,NA,0.00371,0.00384,mg/L,WB032,Main station,main,47.154602,-84.218738,Lake JR13
CHL1427,ST032,2010-10-08,1,NA,500,12.2,0.001,0.012,0.005,0.005,NA,0.00292,0.00304,mg/L,WB032,Main station,main,47.154602,-84.218738,Lake JR13
CHL1428,ST032,2010-10-08,2,NA,500,11,0.005,0.016,0.009,0.01,NA,0.00264,0.0027400000000000002,mg/L,WB032,Main station,main,47.154602,-84.218738,Lake JR13
CHL1429,ST033,2000-10-03,1,NA,500,15.2,0.004,0.026,0.01,0.009,NA,0.00741,0.00766,mg/L,WB033,Main station,main,47.07441667,-84.64988889,Lake JR16
CHL1430,ST033,2004-10-04,1,1,500,13,0.017,0.04,0.025,0.023,NA,0.00653,0.0067800000000000004,mg/L,WB033,Main station,main,47.07441667,-84.64988889,Lake JR16
CHL1431,ST033,2004-10-04,1,2,500,13.8,0.003,0.02,0.007,0.006,NA,0.00523,0.0054,mg/L,WB033,Main station,main,47.07441667,-84.64988889,Lake JR16
CHL1432,ST033,2010-10-08,1,NA,500,12.8,0.002,0.014,0.006,0.004,NA,0.00336,0.0034900000000000005,mg/L,WB033,Main station,main,47.07441667,-84.64988889,Lake JR16
CHL1433,ST033,2010-10-08,2,NA,500,11.9,0.001,0.013,0.005,0.004,NA,0.00313,0.0032400000000000003,mg/L,WB033,Main station,main,47.07441667,-84.64988889,Lake JR16
CHL1434,ST034,2000-10-03,1,NA,1000,12.5,0.001,0.011,0.004,0.002,NA,0.00138,0.00142,mg/L,WB034,Main station,main,47.185153,-84.263649,Lake JR17
CHL1435,ST034,2004-10-04,1,2,500,12.5,0.007,0.013,0.008,0.007,NA,0.0016899999999999999,0.00174,mg/L,WB034,Main station,main,47.185153,-84.263649,Lake JR17
CHL1436,ST034,2004-10-04,1,1,500,11.8,0.003,0.011,0.005,0.004,NA,0.0021000000000000003,0.00217,mg/L,WB034,Main station,main,47.185153,-84.263649,Lake JR17
CHL1437,ST034,2010-10-08,1,NA,500,12.2,0.001,0.005,0.003,0.003,NA,0.0010400000000000001,0.00109,mg/L,WB034,Main station,main,47.185153,-84.263649,Lake JR17
CHL1438,ST034,2010-10-08,2,NA,500,14,0.004,0.008,0.005,0.006,NA,0.00125,0.0012900000000000001,mg/L,WB034,Main station,main,47.185153,-84.263649,Lake JR17
CHL1439,ST035,2000-10-03,NA,NA,500,12.5,0.003,0.015,0.007,0.002,NA,0.00327,0.0034,mg/L,WB035,Main station,main,47.09916667,-84.24163889,Lake JR18
CHL1440,ST035,2004-10-04,1,2,500,12.4,0.008,0.022,0.013,0.011,NA,0.00378,0.00393,mg/L,WB035,Main station,main,47.09916667,-84.24163889,Lake JR18
CHL1441,ST035,2004-10-04,1,1,500,12.1,0.003,0.017,0.006,0.005,NA,0.00379,0.00391,mg/L,WB035,Main station,main,47.09916667,-84.24163889,Lake JR18
CHL1442,ST035,2010-10-08,2,NA,500,10.1,0.001,0.014,0.005,0.003,NA,0.00289,0.0029900000000000005,mg/L,WB035,Main station,main,47.09916667,-84.24163889,Lake JR18
CHL1443,ST035,2010-10-08,1,NA,500,12.1,0.002,0.013,0.004,0.003,NA,0.003,0.0030800000000000003,mg/L,WB035,Main station,main,47.09916667,-84.24163889,Lake JR18
CHL1444,ST036,2000-10-05,1,NA,500,11.5,0.011,0.019,0.015,0.014,NA,0.00195,0.00204,mg/L,WB036,Main station,main,46.94047222,-83.56388889,Lake JR19
CHL1445,ST036,2004-10-06,1,2,500,12.7,0.001,0.006,0.003,0.003,NA,0.0013700000000000001,0.00143,mg/L,WB036,Main station,main,46.94047222,-83.56388889,Lake JR19
CHL1446,ST036,2004-10-06,1,1,500,9.9,0.006,0.009,0.006,0.005,NA,6.9e-4,7e-4,mg/L,WB036,Main station,main,46.94047222,-83.56388889,Lake JR19
CHL1447,ST036,2010-10-11,1,NA,500,10.2,0.004,0.011,0.008,0.007,NA,0.00149,0.00157,mg/L,WB036,Main station,main,46.94047222,-83.56388889,Lake JR19
CHL1448,ST036,2010-10-11,2,NA,500,11.3,0.003,0.011,0.008,0.006,NA,0.0018700000000000001,0.00197,mg/L,WB036,Main station,main,46.94047222,-83.56388889,Lake JR19
CHL1449,ST037,2000-10-05,1,NA,500,12.2,0.003,0.007,0.004,0.004,NA,0.00109,0.0011200000000000001,mg/L,WB037,Main station,main,46.98633333,-83.56369444,Lake JR20
CHL1450,ST037,2004-10-06,1,NA,1000,12.2,0.004,0.019,0.008,0.005,NA,0.0020299999999999997,0.00209,mg/L,WB037,Main station,main,46.98633333,-83.56369444,Lake JR20
CHL1451,ST037,2010-10-11,1,NA,1000,12.3,0.069,0.09,0.083,0.081,NA,0.00265,0.00281,mg/L,WB037,Main station,main,46.98633333,-83.56369444,Lake JR20
CHL1452,ST040,2000-10-05,1,NA,500,15.4,0.034,0.057,0.047,0.046,NA,0.00742,0.00781,mg/L,WB040,Main station,main,47.01861111,-83.72597222,Lake JR24
CHL1453,ST040,2004-10-06,1,1,500,11.2,0.019,0.04,0.022,0.02,NA,0.0053300000000000005,0.00547,mg/L,WB040,Main station,main,47.01861111,-83.72597222,Lake JR24
CHL1454,ST040,2004-10-06,1,2,500,11.2,0.009,0.033,0.016,0.015,NA,0.0059299999999999995,0.00614,mg/L,WB040,Main station,main,47.01861111,-83.72597222,Lake JR24
CHL1455,ST040,2010-10-11,1,NA,500,11.3,0.006,0.023,0.012,0.01,NA,0.00419,0.00435,mg/L,WB040,Main station,main,47.01861111,-83.72597222,Lake JR24
CHL1456,ST040,2010-10-11,2,NA,500,11.7,0.007,0.021,0.013,0.011,NA,0.00352,0.00367,mg/L,WB040,Main station,main,47.01861111,-83.72597222,Lake JR24
CHL1457,ST044,2000-10-04,1,NA,1000,13.8,0.008,0.017,0.008,0.008,NA,0.00145,0.00147,mg/L,WB044,Main station,main,46.6325,-84.01958333,Lake JR28
CHL1458,ST044,2004-10-07,1,1,500,13.6,0.002,0.012,0.006,0.003,NA,0.0029300000000000003,0.0030600000000000002,mg/L,WB044,Main station,main,46.6325,-84.01958333,Lake JR28
CHL1459,ST044,2004-10-07,1,2,500,12.5,0.01,0.018,0.013,0.0012,NA,0.00214,0.0022400000000000002,mg/L,WB044,Main station,main,46.6325,-84.01958333,Lake JR28
CHL1460,ST044,2010-10-10,1,NA,1000,11.7,0.005,0.022,0.012,0.011,NA,0.00215,0.0022400000000000002,mg/L,WB044,Main station,main,46.6325,-84.01958333,Lake JR28
CHL1461,ST045,2000-10-04,1,NA,500,11.7,0.003,0.011,0.008,0.005,NA,0.00193,0.00204,mg/L,WB045,Main station,main,46.60952778,-84.04713889,Lake JR29
CHL1462,ST045,2004-10-07,1,1,500,11.9,0.002,0.011,0.004,0.003,NA,0.00239,0.0024700000000000004,mg/L,WB045,Main station,main,46.60952778,-84.04713889,Lake JR29
CHL1463,ST045,2004-10-07,1,2,500,11.3,0.005,0.016,0.008,0.007,NA,0.00275,0.00285,mg/L,WB045,Main station,main,46.60952778,-84.04713889,Lake JR29
CHL1464,ST046,2000-10-04,1,NA,1000,13,0.001,0.015,0.006,0.005,NA,0.00198,0.00206,mg/L,WB046,Main station,main,46.623651,-84.085215,Lake JR30
CHL1465,ST046,2004-10-07,1,1,500,13.8,0.011,0.029,0.015,0.014,NA,0.00555,0.00572,mg/L,WB046,Main station,main,46.623651,-84.085215,Lake JR30
CHL1466,ST046,2004-10-07,1,2,500,11.8,0.011,0.031,0.016,0.015,NA,0.00525,0.00542,mg/L,WB046,Main station,main,46.623651,-84.085215,Lake JR30
CHL1467,ST046,2010-10-10,1,NA,500,12.8,0.012,0.024,0.019,0.018,NA,0.0032,0.0033799999999999998,mg/L,WB046,Main station,main,46.623651,-84.085215,Lake JR30
CHL1468,ST048,2003-10-03,1,NA,1000,14.7,0.001,0.015,0.005,0.004,NA,0.00227,0.00235,mg/L,WB048,Main station,main,47.22211111,-84.52877778,Lake JR33
CHL1469,ST048,2004-10-04,1,2,500,10.5,0.003,0.016,0.006,0.005,NA,0.0030499999999999998,0.00314,mg/L,WB048,Main station,main,47.22211111,-84.52877778,Lake JR33
CHL1470,ST048,2004-10-04,1,1,500,13.2,0.008,0.018,0.009,0.008,NA,0.00302,0.00309,mg/L,WB048,Main station,main,47.22211111,-84.52877778,Lake JR33
CHL1471,ST048,2010-10-08,1,NA,500,12.4,0.001,0.009,0.003,0.004,NA,0.00221,0.00228,mg/L,WB048,Main station,main,47.22211111,-84.52877778,Lake JR33
CHL1472,ST048,2010-10-08,2,NA,500,14.6,0.001,0.007,0.003,0.002,NA,0.00192,0.00199,mg/L,WB048,Main station,main,47.22211111,-84.52877778,Lake JR33
CHL1473,ST049,2000-10-04,1,NA,1000,13.5,0.001,0.014,0.004,0.003,NA,0.00196,0.00202,mg/L,WB049,Main station,main,46.63616667,-84.27041667,Lake JR34
CHL1474,ST049,2004-10-07,1,2,500,13.3,0.004,0.013,0.007,0.005,NA,0.0026200000000000004,0.00272,mg/L,WB049,Main station,main,46.63616667,-84.27041667,Lake JR34
CHL1475,ST049,2004-10-07,1,1,500,12.1,0.002,0.011,0.005,0.004,NA,0.0023799999999999997,0.0024700000000000004,mg/L,WB049,Main station,main,46.63616667,-84.27041667,Lake JR34
CHL1476,ST049,2010-10-10,1,NA,500,11.5,0.004,0.015,0.009,0.009,NA,0.00271,0.00283,mg/L,WB049,Main station,main,46.63616667,-84.27041667,Lake JR34
CHL1477,ST049,2010-10-10,2,NA,500,12.5,0.006,0.018,0.012,0.012,NA,0.00318,0.00334,mg/L,WB049,Main station,main,46.63616667,-84.27041667,Lake JR34
CHL1478,ST050,2000-10-04,1,NA,500,13,0.004,0.012,0.006,0.006,NA,0.00231,0.00239,mg/L,WB050,Main station,main,46.69716667,-84.17508333,Lake JR35
CHL1479,ST050,2004-10-07,1,1,500,13.2,0.001,0.015,0.005,0.004,NA,0.00408,0.00422,mg/L,WB050,Main station,main,46.69716667,-84.17508333,Lake JR35
CHL1480,ST050,2004-10-07,1,2,500,13.8,0.003,0.017,0.007,0.005,NA,0.00426,0.00441,mg/L,WB050,Main station,main,46.69716667,-84.17508333,Lake JR35
CHL1481,ST050,2010-10-10,1,NA,500,11.3,0.006,0.02,0.013,0.012,NA,0.00335,0.00352,mg/L,WB050,Main station,main,46.69716667,-84.17508333,Lake JR35
CHL1482,ST050,2010-10-10,2,NA,500,13.7,0.01,0.023,0.015,0.016,NA,0.00387,0.004019999999999999,mg/L,WB050,Main station,main,46.69716667,-84.17508333,Lake JR35
CHL1483,ST051,2000-10-04,1,NA,1000,12,0.002,0.018,0.008,0.006,NA,0.0020800000000000003,0.00217,mg/L,WB051,Main station,main,46.66397222,-84.02805556,Lake JR36
CHL1484,ST051,2004-10-07,1,2,500,12.8,0.002,0.009,0.004,0.003,NA,0.00198,0.0020499999999999997,mg/L,WB051,Main station,main,46.66397222,-84.02805556,Lake JR36
CHL1485,ST051,2004-10-07,1,1,500,11.5,0.004,0.011,0.005,0.004,NA,0.00182,0.0018700000000000001,mg/L,WB051,Main station,main,46.66397222,-84.02805556,Lake JR36
CHL1486,ST051,2010-10-10,1,NA,500,9.8,0.002,0.039,0.014,0.011,NA,0.00795,0.00825,mg/L,WB051,Main station,main,46.66397222,-84.02805556,Lake JR36
CHL1487,ST051,2010-10-10,2,NA,500,12.7,0.127,0.179,0.161,0.159,NA,0.01359,0.01439,mg/L,WB051,Main station,main,46.66397222,-84.02805556,Lake JR36
CHL1488,ST054,2000-10-03,1,NA,500,11,0.004,0.017,0.007,0.006,NA,0.00319,0.00329,mg/L,WB054,Main station,main,47.01238889,-84.17541667,Lake JR39
CHL1489,ST054,2004-10-04,1,2,500,12.2,0.003,0.015,0.006,0.005,NA,0.0032500000000000003,0.00336,mg/L,WB054,Main station,main,47.01238889,-84.17541667,Lake JR39
CHL1490,ST054,2004-10-04,1,1,500,12.6,0.005,0.027,0.01,0.009,NA,0.00619,0.00638,mg/L,WB054,Main station,main,47.01238889,-84.17541667,Lake JR39
CHL1491,ST054,2010-10-09,1,NA,500,12.5,0.001,0.02,0.007,0.007,NA,0.00522,0.00541,mg/L,WB054,Main station,main,47.01238889,-84.17541667,Lake JR39
CHL1492,ST054,2010-10-09,2,NA,500,12.5,0.007,0.026,0.013,0.013,NA,0.00522,0.00541,mg/L,WB054,Main station,main,47.01238889,-84.17541667,Lake JR39
CHL1493,ST055,2000-10-03,1,NA,500,12,0.002,0.022,0.009,0.008,NA,0.005240000000000001,0.00544,mg/L,WB055,Main station,main,47.07233333,-84.08777778,Lake JR40
CHL1494,ST055,2004-10-05,1,2,500,14.7,0.006,0.025,0.011,0.011,NA,0.006200000000000001,0.0064,mg/L,WB055,Main station,main,47.07233333,-84.08777778,Lake JR40
CHL1495,ST055,2004-10-05,1,1,500,15,0.011,0.031,0.018,0.017,NA,0.00655,0.0068,mg/L,WB055,Main station,main,47.07233333,-84.08777778,Lake JR40
CHL1496,ST055,2010-10-09,1,NA,500,10.8,0.002,0.014,0.006,0.005,NA,0.00284,0.00294,mg/L,WB055,Main station,main,47.07233333,-84.08777778,Lake JR40
CHL1497,ST055,2010-10-09,2,NA,500,12.4,0,0.012,0.004,0.004,NA,0.00326,0.0033799999999999998,mg/L,WB055,Main station,main,47.07233333,-84.08777778,Lake JR40
CHL1498,ST056,2000-10-03,1,NA,500,11.5,0.004,0.014,0.009,0.005,NA,0.0024300000000000003,0.0025499999999999997,mg/L,WB056,Main station,main,47.11855556,-84.08261111,Lake JR41
CHL1499,ST056,2004-10-04,1,2,500,12.2,0.002,0.015,0.005,0.005,NA,0.00354,0.00365,mg/L,WB056,Main station,main,47.11855556,-84.08261111,Lake JR41
CHL1500,ST056,2004-10-04,1,1,500,11.2,0.003,0.019,0.007,0.005,NA,0.00398,0.004110000000000001,mg/L,WB056,Main station,main,47.11855556,-84.08261111,Lake JR41
CHL1501,ST056,2010-10-08,1,NA,500,11.1,0.003,0.014,0.007,0.007,NA,0.00266,0.00276,mg/L,WB056,Main station,main,47.11855556,-84.08261111,Lake JR41
CHL1502,ST056,2010-10-08,2,NA,500,12.7,0.004,0.014,0.009,0.008,NA,0.00269,0.00282,mg/L,WB056,Main station,main,47.11855556,-84.08261111,Lake JR41
CHL1503,ST057,2000-10-03,1,NA,500,14.5,0.002,0.007,0.003,0.003,NA,0.00163,0.00168,mg/L,WB057,Main station,main,47.18606,-84.054383,Lake JR42
CHL1504,ST057,2004-10-04,1,1,500,12.2,0.002,0.017,0.005,0.005,NA,0.004110000000000001,0.00423,mg/L,WB057,Main station,main,47.18606,-84.054383,Lake JR42
CHL1505,ST057,2004-10-04,1,2,500,12.7,0.004,0.02,0.008,0.008,NA,0.00452,0.00467,mg/L,WB057,Main station,main,47.18606,-84.054383,Lake JR42
CHL1506,ST057,2010-10-08,1,NA,500,12.2,0,0.011,0.004,0.004,NA,0.00292,0.00304,mg/L,WB057,Main station,main,47.18606,-84.054383,Lake JR42
CHL1507,ST057,2010-10-08,2,NA,500,14.6,0.001,0.008,0.004,0.004,NA,0.0022,0.00229,mg/L,WB057,Main station,main,47.18606,-84.054383,Lake JR42
CHL1508,ST058,2004-10-06,1,1,500,13.8,0.005,0.025,0.011,0.008,NA,0.00608,0.0062900000000000005,mg/L,WB058,Main station,main,47.140965,-83.870963,Lake JR43
CHL1509,ST058,2004-10-06,1,2,500,11.2,0.008,0.028,0.015,0.013,NA,0.004889999999999999,0.00508,mg/L,WB058,Main station,main,47.140965,-83.870963,Lake JR43
CHL1510,ST058,2010-10-11,1,NA,500,12.8,0.011,0.028,0.02,0.018,NA,0.00459,0.0048200000000000005,mg/L,WB058,Main station,main,47.140965,-83.870963,Lake JR43
CHL1511,ST058,2010-10-11,2,NA,500,12.7,0.007,0.023,0.015,0.013,NA,0.00431,0.00452,mg/L,WB058,Main station,main,47.140965,-83.870963,Lake JR43
CHL1512,ST060,2000-10-03,NA,NA,1000,13.3,0.002,0.027,0.008,0.008,NA,0.00371,0.00382,mg/L,WB060,Main station,main,47.098712,-83.922682,Lake JR45
CHL1513,ST060,2004-10-06,1,2,500,12.2,0.002,0.017,0.006,0.005,NA,0.004059999999999999,0.00419,mg/L,WB060,Main station,main,47.098712,-83.922682,Lake JR45
CHL1514,ST060,2004-10-06,1,1,500,14.8,0.005,0.017,0.009,0.007,NA,0.0038799999999999998,0.004030000000000001,mg/L,WB060,Main station,main,47.098712,-83.922682,Lake JR45
CHL1515,ST060,2010-10-08,1,NA,500,11.6,0.001,0.012,0.005,0.004,NA,0.00278,0.00289,mg/L,WB060,Main station,main,47.098712,-83.922682,Lake JR45
CHL1516,ST060,2010-10-08,2,NA,500,10.4,0.002,0.013,0.004,0.004,NA,0.0025800000000000003,0.00265,mg/L,WB060,Main station,main,47.098712,-83.922682,Lake JR45
CHL1517,ST063,2000-10-03,NA,NA,500,13.3,0.001,0.022,0.007,0.006,NA,0.00617,0.00638,mg/L,WB063,Main station,main,47.02738889,-84.34319444,Little Drew Lake
CHL1518,ST063,2004-10-03,1,NA,1000,15.2,0.041,0.066,0.036,0.032,NA,0.00457,0.00461,mg/L,WB063,Main station,main,47.02738889,-84.34319444,Little Drew Lake
CHL1519,ST063,2010-10-08,1,NA,935,12.8,0.004,0.039,0.014,0.012,NA,0.00529,0.0054800000000000005,mg/L,WB063,Main station,main,47.02738889,-84.34319444,Little Drew Lake
CHL1520,ST064,2000-10-05,1,NA,500,13.2,0.002,0.008,0.002,0.001,NA,0.00184,0.0018700000000000001,mg/L,WB064,Main station,main,46.96486111,-83.67305556,Little Sand Lake
CHL1521,ST064,2004-10-06,1,2,500,11.4,0.004,0.014,0.005,0.005,NA,0.00261,0.00267,mg/L,WB064,Main station,main,46.96486111,-83.67305556,Little Sand Lake
CHL1522,ST064,2004-10-06,1,1,500,12.1,0.004,0.013,0.006,0.005,NA,0.0024300000000000003,0.0025099999999999996,mg/L,WB064,Main station,main,46.96486111,-83.67305556,Little Sand Lake
CHL1523,ST064,2010-10-11,1,NA,1000,14,0.005,0.017,0.01,0.01,NA,0.0018100000000000002,0.00189,mg/L,WB064,Main station,main,46.96486111,-83.67305556,Little Sand Lake
CHL1524,ST071,2000-10-04,1,NA,1000,12.8,0.004,0.024,0.009,0.01,NA,0.00285,0.00294,mg/L,WB067,Main station,main,46.73211111,-84.21,Maple Lake
CHL1525,ST071,2004-10-05,1,1,500,13,0.001,0.008,0.003,0.002,NA,0.0020099999999999996,0.0020800000000000003,mg/L,WB067,Main station,main,46.73211111,-84.21,Maple Lake
CHL1526,ST071,2004-10-05,1,2,500,11.6,0,0.009,0.002,0.002,NA,0.00233,0.0024100000000000002,mg/L,WB067,Main station,main,46.73211111,-84.21,Maple Lake
CHL1527,ST071,2010-10-10,1,NA,1000,11.5,0.005,0.02,0.011,0.01,NA,0.0018600000000000001,0.0019399999999999999,mg/L,WB067,Main station,main,46.73211111,-84.21,Maple Lake
CHL1528,ST073,2000-10-04,1,NA,500,13.1,0.002,0.011,0.004,0.004,NA,0.00264,0.00272,mg/L,WB069,Main station,main,46.605983,-83.971284,Moon Lake
CHL1529,ST073,2000-10-04,2,NA,500,14,0.002,0.01,0.004,0.003,NA,0.0024900000000000005,0.00257,mg/L,WB069,Main station,main,46.605983,-83.971284,Moon Lake
CHL1530,ST073,2004-10-07,1,1,500,11.7,0.015,0.028,0.018,0.017,NA,0.0033900000000000002,0.0035,mg/L,WB069,Main station,main,46.605983,-83.971284,Moon Lake
CHL1531,ST073,2004-10-07,1,2,500,11.6,0.004,0.017,0.007,0.007,NA,0.00337,0.0034700000000000004,mg/L,WB069,Main station,main,46.605983,-83.971284,Moon Lake
CHL1532,ST073,2010-10-10,1,NA,1000,10.5,0.071,0.097,0.09,0.088,NA,0.00276,0.00294,mg/L,WB069,Main station,main,46.605983,-83.971284,Moon Lake
CHL1533,ST074,2000-10-04,2,NA,500,11.8,0.004,0.027,0.009,0.008,NA,0.006070000000000001,0.00626,mg/L,WB070,Main station,main,46.77744444,-84.23988889,Mystery Lake
CHL1534,ST074,2000-10-04,1,NA,500,12.3,0.001,0.023,0.007,0.006,NA,0.0059900000000000005,0.006200000000000001,mg/L,WB070,Main station,main,46.77744444,-84.23988889,Mystery Lake
CHL1535,ST074,2004-10-05,1,2,500,12,0.002,0.022,0.007,0.007,NA,0.00534,0.00551,mg/L,WB070,Main station,main,46.77744444,-84.23988889,Mystery Lake
CHL1536,ST074,2004-10-05,1,1,500,11.6,0.007,0.029,0.013,0.012,NA,0.0056500000000000005,0.00584,mg/L,WB070,Main station,main,46.77744444,-84.23988889,Mystery Lake
CHL1537,ST074,2010-10-10,1,NA,500,13,0.005,0.025,0.012,0.012,NA,0.00568,0.005900000000000001,mg/L,WB070,Main station,main,46.77744444,-84.23988889,Mystery Lake
CHL1538,ST075,2000-10-03,1,NA,500,12.4,0.002,0.013,0.008,0.004,NA,0.00286,0.0030099999999999997,mg/L,WB071,Main station,main,47.25238,-83.792889,North Emerson Lake
CHL1539,ST075,2004-09-12,1,NA,1000,12.9,0.002,0.015,0.005,0.005,NA,0.0018700000000000001,0.00193,mg/L,WB071,Main station,main,47.25238,-83.792889,North Emerson Lake
CHL1540,ST075,2004-10-06,1,NA,1000,12.5,0.003,0.035,0.011,0.01,NA,0.00445,0.00459,mg/L,WB071,Main station,main,47.25238,-83.792889,North Emerson Lake
CHL1541,ST075,2010-10-08,1,NA,500,11.3,0.003,0.014,0.006,0.006,NA,0.00275,0.00285,mg/L,WB071,Main station,main,47.25238,-83.792889,North Emerson Lake
CHL1542,ST075,2010-10-08,2,NA,500,11.4,0.006,0.02,0.013,0.012,NA,0.0033799999999999998,0.0035499999999999998,mg/L,WB071,Main station,main,47.25238,-83.792889,North Emerson Lake
CHL1543,ST076,2000-10-13,1,NA,1000,13.4,0.001,0.012,0.005,0.003,NA,0.0016,0.00167,mg/L,WB072,Main station,main,48.407694,-84.35271,Olsen Lake
CHL1544,ST076,2004-10-03,1,NA,1000,11.6,0.013,0.033,0.017,0.015,NA,0.0026000000000000003,0.00268,mg/L,WB072,Main station,main,48.407694,-84.35271,Olsen Lake
CHL1545,ST076,2010-10-08,1,NA,500,13.3,0.003,0.007,0.004,0.003,NA,0.00118,0.00122,mg/L,WB072,Main station,main,48.407694,-84.35271,Olsen Lake
CHL1546,ST076,2010-10-08,2,NA,500,11.2,0.003,0.012,0.008,0.007,NA,0.00211,0.00222,mg/L,WB072,Main station,main,48.407694,-84.35271,Olsen Lake
CHL1547,ST078,2000-10-03,NA,NA,500,13.3,0.002,0.01,0.003,0.003,NA,0.00242,0.00248,mg/L,WB074,Main station,main,47.16333333,-84.61711111,Queminico Lake
CHL1548,ST078,2004-10-04,1,2,500,11.9,0.002,0.021,0.007,0.006,NA,0.005019999999999999,0.00518,mg/L,WB074,Main station,main,47.16333333,-84.61711111,Queminico Lake
CHL1549,ST078,2004-10-04,1,1,500,11.8,0.003,0.018,0.007,0.005,NA,0.00392,0.00405,mg/L,WB074,Main station,main,47.16333333,-84.61711111,Queminico Lake
CHL1550,ST078,2010-10-08,1,NA,620,14,0.004,0.022,0.009,0.007,NA,0.00449,0.0046500000000000005,mg/L,WB074,Main station,main,47.16333333,-84.61711111,Queminico Lake
CHL1551,ST061,2000-10-05,1,NA,500,12.5,0.002,0.016,0.006,0.006,NA,0.00387,0.004,mg/L,WB061,Main station,main,46.80333333,-83.76644444,Lake RL02
CHL1552,ST061,2004-10-06,1,2,500,11.8,0.003,0.021,0.008,0.005,NA,0.004690000000000001,0.004860000000000001,mg/L,WB061,Main station,main,46.80333333,-83.76644444,Lake RL02
CHL1553,ST061,2004-10-06,1,1,500,11.5,0.006,0.024,0.01,0.01,NA,0.00463,0.00477,mg/L,WB061,Main station,main,46.80333333,-83.76644444,Lake RL02
CHL1554,ST061,2010-10-11,1,NA,500,11,0.003,0.017,0.01,0.009,NA,0.00327,0.00342,mg/L,WB061,Main station,main,46.80333333,-83.76644444,Lake RL02
CHL1555,ST061,2010-10-11,2,NA,500,13,0.006,0.019,0.013,0.013,NA,0.0035600000000000002,0.0037400000000000003,mg/L,WB061,Main station,main,46.80333333,-83.76644444,Lake RL02
CHL1556,ST062,2000-10-05,1,NA,500,12.6,0.001,0.02,0.007,0.006,NA,0.00526,0.00545,mg/L,WB062,Main station,main,46.81166667,-83.76305556,Lake RL03
CHL1557,ST062,2004-10-06,1,1,500,12.1,0.002,0.018,0.007,0.005,NA,0.00425,0.00441,mg/L,WB062,Main station,main,46.81166667,-83.76305556,Lake RL03
CHL1558,ST062,2004-10-06,1,2,500,11.2,0.006,0.024,0.01,0.009,NA,0.00451,0.0046500000000000005,mg/L,WB062,Main station,main,46.81166667,-83.76305556,Lake RL03
CHL1559,ST062,2010-10-11,1,NA,500,11,0,0.011,0.003,0.001,NA,0.00268,0.00277,mg/L,WB062,Main station,main,46.81166667,-83.76305556,Lake RL03
CHL1560,ST062,2010-10-11,2,NA,500,10.8,0.024,0.037,0.029,0.025,NA,0.00304,0.00316,mg/L,WB062,Main station,main,46.81166667,-83.76305556,Lake RL03
CHL1561,ST087,2000-10-04,1,NA,500,13.3,0.002,0.015,0.006,0.004,NA,0.0038,0.00394,mg/L,WB081,Main station,main,46.81430556,-84.36522222,Tier Lake
CHL1562,ST087,2004-10-05,1,1,500,15.6,0.001,0.019,0.005,0.005,NA,0.00628,0.00647,mg/L,WB081,Main station,main,46.81430556,-84.36522222,Tier Lake
CHL1563,ST087,2004-10-05,1,2,500,12,0.004,0.024,0.009,0.008,NA,0.00534,0.00551,mg/L,WB081,Main station,main,46.81430556,-84.36522222,Tier Lake
CHL1564,ST087,2010-10-10,1,NA,500,12.6,0.008,0.024,0.016,0.016,NA,0.00428,0.0044800000000000005,mg/L,WB081,Main station,main,46.81430556,-84.36522222,Tier Lake
CHL1565,ST087,2010-10-10,2,NA,500,13.8,0.004,0.018,0.01,0.009,NA,0.00415,0.0043300000000000005,mg/L,WB081,Main station,main,46.81430556,-84.36522222,Tier Lake
CHL1566,ST088,2000-10-03,NA,NA,500,12.7,0.001,0.023,0.008,0.007,NA,0.00614,0.00636,mg/L,WB082,Main station,main,47.03311111,-84.37641667,Tilley Lakes Headwaters
CHL1567,ST088,2004-10-03,1,NA,1000,12.4,0.009,0.075,0.027,0.025,NA,0.00906,0.00937,mg/L,WB082,Main station,main,47.03311111,-84.37641667,Tilley Lakes Headwaters
CHL1568,ST088,2010-10-08,1,NA,500,11.7,0.002,0.017,0.005,0.005,NA,0.00394,0.004059999999999999,mg/L,WB082,Main station,main,47.03311111,-84.37641667,Tilley Lakes Headwaters
CHL1569,ST088,2010-10-08,2,NA,500,12.5,0,0.016,0.006,0.004,NA,0.00434,0.00452,mg/L,WB082,Main station,main,47.03311111,-84.37641667,Tilley Lakes Headwaters
CHL1570,ST089,2000-10-03,NA,NA,1000,10.9,0.001,0.027,0.009,0.007,NA,0.0031200000000000004,0.0032300000000000002,mg/L,WB083,Main station,main,47.17305556,-84.47194444,Trim Lake
CHL1571,ST089,2004-10-04,1,1,500,10.8,0.01,0.022,0.009,0.007,NA,0.0030600000000000002,0.0031000000000000003,mg/L,WB083,Main station,main,47.17305556,-84.47194444,Trim Lake
CHL1572,ST089,2004-10-04,1,2,500,12.1,0.002,0.018,0.006,0.005,NA,0.00431,0.00445,mg/L,WB083,Main station,main,47.17305556,-84.47194444,Trim Lake
CHL1573,ST089,2010-10-08,1,NA,500,11.8,0.002,0.017,0.005,0.004,NA,0.0039700000000000004,0.00409,mg/L,WB083,Main station,main,47.17305556,-84.47194444,Trim Lake
CHL1574,ST089,2010-10-08,2,NA,500,12,0.002,0.019,0.006,0.005,NA,0.00455,0.004690000000000001,mg/L,WB083,Main station,main,47.17305556,-84.47194444,Trim Lake
CHL1575,ST094,2000-10-03,NA,NA,500,12.6,0.003,0.024,0.011,0.007,NA,0.005730000000000001,0.00597,mg/L,WB086,Main station,main,47.05194444,-84.60377778,Upper Smith Lake
CHL1576,ST094,2004-10-04,1,1,500,13.4,0.005,0.02,0.009,0.008,NA,0.00446,0.00461,mg/L,WB086,Main station,main,47.05194444,-84.60377778,Upper Smith Lake
CHL1577,ST094,2004-10-04,1,2,500,11.6,0.002,0.021,0.009,0.006,NA,0.00479,0.004980000000000001,mg/L,WB086,Main station,main,47.05194444,-84.60377778,Upper Smith Lake
CHL1578,ST094,2010-10-08,1,NA,1000,14.3,0.003,0.014,0.008,0.005,NA,0.00168,0.00176,mg/L,WB086,Main station,main,47.05194444,-84.60377778,Upper Smith Lake
